time,v1,v2
0.0,-0.026330442274829686,-0.13460915353960684
0.01,-0.023388244915350492,-0.15083130349003382
0.02,-0.02627636861812761,-0.18400327113988257
0.03,-0.023967989991589785,-0.13563339783274234
0.04,-0.022742109171946842,-0.15615966648100127
0.05,-0.024051026468518335,-0.17599202716248055
0.06,-0.028448837570226888,-0.16598887296489262
0.07,-0.025595510716600885,-0.19288724104676275
0.08,-0.024321397564673376,-0.1548790471515522
0.09,-0.022786336103890043,-0.1541756697174099
0.1,-0.02708462309387895,-0.18761587825584575
0.11,-0.025568726371322455,-0.1825383062538898
0.12,-0.028811066361100816,-0.1512085107331117
0.13,-0.02918322472531267,-0.1781464135304695
0.14,-0.022398374441179324,-0.17099435006942473
0.15,-0.02795943474971874,-0.18701159696436406
0.16,-0.02962938764008592,-0.18596311491048328
0.17,-0.030273415825174326,-0.17705843401549312
0.18,-0.027452837990254497,-0.16905035508667468
0.19,-0.03209110741616931,-0.19384824040973683
0.2,-0.028428976428247873,-0.1654390295574952
0.21,-0.026127215857341332,-0.17116649123138558
0.22,-0.03367304553970302,-0.18390491786607552
0.23,-0.03235970726769179,-0.20422052960967246
0.24,-0.030595832882493026,-0.18612516574171173
0.25,-0.03548385987089884,-0.16551450168571083
0.26,-0.028887088993732088,-0.16661502310015597
0.27,-0.02620711856870007,-0.19531209992813878
0.28,-0.030646095169336987,-0.22275244955606796
0.29,-0.03011439986502845,-0.1894275422229731
0.3,-0.0301832716194667,-0.14421363928387998
0.31,-0.030854511532885983,-0.19596702911648115
0.32,-0.031136127785049917,-0.19599372686165653
0.33,-0.03693109278385003,-0.1604582976718828
0.34,-0.034298920202279155,-0.1926938513730507
0.35000000000000003,-0.039277607166164685,-0.20940145189020182
0.36,-0.031032526879377065,-0.24842545765094234
0.37,-0.030457831984813753,-0.20681223557291523
0.38,-0.037625698016896844,-0.159499713443694
0.39,-0.037087335761805826,-0.2278625064594906
0.4,-0.04028403525499027,-0.20863339849289073
0.41000000000000003,-0.04482541619802223,-0.1739191445919942
0.42,-0.03961691117246217,-0.1921739380095356
0.43,-0.035862517039168824,-0.20517675323667245
0.44,-0.03564993861734858,-0.1855422564314179
0.45,-0.035012365314214824,-0.2211481999580871
0.46,-0.040968917273434685,-0.22008467982334068
0.47000000000000003,-0.03831861256844629,-0.23176514126978548
0.48,-0.04131972165507965,-0.197728281345724
0.49,-0.04002706870501941,-0.20170860507929697
0.5,-0.04514887345679265,-0.26024828914023784
0.51,-0.03891000809353125,-0.23636596706050444
0.52,-0.044523127492154334,-0.246905988765553
0.53,-0.048723491432983206,-0.22893362807870304
0.54,-0.04290405102459891,-0.21517091838992272
0.55,-0.04450733564101415,-0.22694048634384129
0.56,-0.04172992465925189,-0.19014136347469188
0.5700000000000001,-0.044867760005515143,-0.2576642559089975
0.58,-0.05740351029486231,-0.2521878345640554
0.59,-0.04684546373651824,-0.20286779073581243
0.6,-0.05401702872210552,-0.21262477064197152
0.61,-0.054356286942196484,-0.22749982963048815
0.62,-0.048846901263594485,-0.2642460347864509
0.63,-0.05684486981183677,-0.2401769396973591
0.64,-0.04812006872049217,-0.20271929644743716
0.65,-0.046406482874306404,-0.21170840529710552
0.66,-0.04718843190664291,-0.19625577522729293
0.67,-0.05176685003022048,-0.25692243763156186
0.68,-0.04752216849653427,-0.23339008222587684
0.6900000000000001,-0.056456908968689226,-0.22350025506277899
0.7000000000000001,-0.055141685715915864,-0.24648728067156256
0.71,-0.056165235895434304,-0.26905057983817926
0.72,-0.06149728298329249,-0.2534052335616456
0.73,-0.06339290938585271,-0.22207523246851427
0.74,-0.06166750434843524,-0.2815401430685484
0.75,-0.06245167802589128,-0.2061381339275099
0.76,-0.059435266435654104,-0.22383260046884818
0.77,-0.06366077138478096,-0.25018121365085544
0.78,-0.061373591711084204,-0.265329898245282
0.79,-0.07145436761031795,-0.23611728673937651
0.8,-0.055569832622056725,-0.25293419511139753
0.81,-0.061283147719400806,-0.24208759241819588
0.8200000000000001,-0.07209028717700294,-0.22681137977874893
0.8300000000000001,-0.06852318278020308,-0.2219146022356991
0.84,-0.0821339276516628,-0.24996476272502183
0.85,-0.06830467068966896,-0.1968588154393716
0.86,-0.07236452300927998,-0.28051083791007947
0.87,-0.07703000743317347,-0.22810149771831303
0.88,-0.07857231791969088,-0.2808109457724263
0.89,-0.06120741364917113,-0.24112645126913163
0.9,-0.0823565290370234,-0.2475863370059008
0.91,-0.060365242422113455,-0.24653759634261582
0.92,-0.08236312217983216,-0.23664271435284717
0.93,-0.0710974526186466,-0.2873886323907416
0.9400000000000001,-0.06727949200730629,-0.28183151929261835
0.9500000000000001,-0.09509163599383663,-0.23866948079810105
0.96,-0.07745734743642836,-0.24828258838743267
0.97,-0.0697437271702561,-0.2611800773202358
0.98,-0.08084571325338603,-0.2365884348527048
0.99,-0.0886873665821341,-0.2643477120936626
1.0,-0.09141390631631229,-0.2800560948736433
1.01,-0.08172210779088139,-0.24374430619372367
1.02,-0.09174071770361863,-0.2562990665239579
1.03,-0.08788585377868373,-0.2524798075129286
1.04,-0.09741659388586224,-0.30876788072841893
1.05,-0.08741937304965525,-0.2567574930970873
1.06,-0.07790699898074803,-0.2534076101557468
1.07,-0.09635856749268897,-0.28556093520199066
1.08,-0.09344920190872984,-0.26099905260824796
1.09,-0.08714868510637146,-0.2801034700835271
1.1,-0.08619547575344282,-0.30667281213572933
1.11,-0.10533757105288902,-0.25863360635065163
1.12,-0.10989647421237052,-0.2681070170825143
1.1300000000000001,-0.09818563023260063,-0.2698673210257204
1.1400000000000001,-0.10147615521051348,-0.29384745591133615
1.1500000000000001,-0.10073372777272484,-0.28497617789098195
1.16,-0.11497766640369055,-0.26133953959889733
1.17,-0.10145266191004769,-0.3318792537818434
1.18,-0.11201197318029842,-0.28888102661406184
1.19,-0.11313955376045595,-0.287764464782513
1.2,-0.12333852573245319,-0.289893806389741
1.21,-0.13353074688472732,-0.2843779186361073
1.22,-0.12000603741415045,-0.2081766217545497
1.23,-0.13753345874378686,-0.24470468685335803
1.24,-0.12274008980265269,-0.24083629025477282
1.25,-0.12982223896215078,-0.2749535497928407
1.26,-0.11214752030526585,-0.281535667477854
1.27,-0.1285679333875183,-0.28303608274764314
1.28,-0.11585214162373894,-0.28671753561313423
1.29,-0.11502918941230766,-0.2665058729028374
1.3,-0.12296158404290558,-0.2755538844977059
1.31,-0.1457964327479856,-0.32175199192574844
1.32,-0.15010503257209903,-0.3442347707023887
1.33,-0.11100702350142137,-0.27270592072236666
1.34,-0.12714351585831024,-0.2985538021552327
1.35,-0.12531382639875172,-0.26409952562312905
1.36,-0.13537402215972477,-0.26344921159540635
1.37,-0.1383017267785186,-0.284511058104662
1.3800000000000001,-0.14731067984526125,-0.3196699580566659
1.3900000000000001,-0.1420159163211255,-0.2731785920399236
1.4000000000000001,-0.13379139847198965,-0.25467283258315415
1.41,-0.14270577172423998,-0.2417024408262065
1.42,-0.13769347251593939,-0.34377471388788866
1.43,-0.1372356784877951,-0.2534353145365393
1.44,-0.14085249516919976,-0.27403652898069836
1.45,-0.1563098871046294,-0.26555299785760655
1.46,-0.1853741122167879,-0.26850352760104007
1.47,-0.19813377420799763,-0.2866592777422267
1.48,-0.15851356202945766,-0.27209928828986835
1.49,-0.1766705033456336,-0.27099870775283835
1.5,-0.14721999150825882,-0.2829339834089432
1.51,-0.14885588721554965,-0.2989525480528745
1.52,-0.1723598267499634,-0.2693734789965222
1.53,-0.1356515816023586,-0.23661041166540595
1.54,-0.05864322209941385,-0.28279429707655523
1.55,-0.14385734528449529,-0.3243453319050302
1.56,-0.19951855155246107,-0.34064166969960197
1.57,-0.17151372142513732,-0.23351923641627528
1.58,-0.16706850499756157,-0.3055745753360509
1.59,-0.17417958124165933,-0.26120407187675715
1.6,-0.18875834946707915,-0.25633851901590304
1.61,-0.15825230373308027,-0.2845294768747561
1.62,-0.1887896841080783,-0.32334799297751404
1.6300000000000001,-0.1708673408707036,-0.3002487736845018
1.6400000000000001,-0.17623767313375469,-0.30670920851364186
1.6500000000000001,-0.1830144092441429,-0.2640219780549764
1.6600000000000001,-0.22482486516978437,-0.20751497133374947
1.67,-0.20490410371210913,-0.253676489862882
1.68,-0.2225719866849462,-0.24646225127963958
1.69,-0.22562430015154528,-0.28421895467101277
1.7,-0.2224702324138835,-0.2898845667332993
1.71,-0.17302543033320553,-0.34763893080981223
1.72,-0.1876312084871039,-0.3194961190976535
1.73,-0.18822400302162617,-0.331958791716492
1.74,-0.1712230567384313,-0.2703961653569918
1.75,-0.19987996734499283,-0.2640471137570572
1.76,-0.19032100675787172,-0.24204004123970507
1.77,-0.23498167874980408,-0.24106065588381662
1.78,-0.2152348117655973,-0.2638232937399764
1.79,-0.2293239701316217,-0.2130129826959729
1.8,-0.2321261307167998,-0.2976190751479449
1.81,-0.2307174019507375,-0.25382120414461207
1.82,-0.27172338197328993,-0.2598711812105094
1.83,-0.22156536030621043,-0.22761315047246833
1.84,-0.26382026540174697,-0.30627345885648644
1.85,-0.2368035153467723,-0.3183832599689214
1.86,-0.20978173963085459,-0.25451337591099543
1.87,-0.2499722268840354,-0.29156636500111277
1.8800000000000001,-0.23143553979648493,-0.2884782176229322
1.8900000000000001,-0.2910846948690605,-0.23920104205352907
1.9000000000000001,-0.27017123062582726,-0.3015278308924196
1.9100000000000001,-0.24092972834250811,-0.2316162056767734
1.92,-0.2596062574454791,-0.2698701288345104
1.93,-0.26631362821077564,-0.29946442744950746
1.94,-0.23471638995070546,-0.22987572719652666
1.95,-0.22896389032591194,-0.27395042312323004
1.96,-0.08702934044189739,-0.27790482618080886
1.97,-0.25234151354255674,-0.27246223126360675
1.98,-0.2646507585558476,-0.22354632906796168
1.99,-0.2814678090353599,-0.23206470811090502
2.0,-0.24432268840450855,-0.2631928033442707
2.0100000000000002,-0.26334696611996344,-0.2832238860305262
2.02,-0.2824821252106899,-0.2313606646831473
2.0300000000000002,-0.2757816788416924,-0.27277587098441997
2.04,-0.30929531759669293,-0.22489025653626218
2.05,-0.249464000239753,-0.2619720195711398
2.06,1.2906819017248887,-0.27088633767974984
2.07,-0.2642598545379728,-0.2356496828631585
2.08,-0.33249329962149987,-0.23170378980248652
2.09,-0.29065841903388245,-0.2435626316095318
2.1,-0.30575664554306003,-0.24959618836654784
2.11,-0.2768629449877425,-0.19648365970607531
2.12,-0.29674203071649213,-0.20956608505760344
2.13,-0.3165732167053083,-0.25422562103542035
2.14,-0.2963511303394264,-0.21201092735643876
2.15,-0.288731454237689,-0.23788097619043916
2.16,-0.3193214205035115,-0.23249359744584872
2.17,-0.280264073158301,-0.2244887386784893
2.18,-0.34826279896361645,-0.21292875185948562
2.19,-0.32234240823423366,-0.22076908378038565
2.2,-0.2911576317632069,-0.21592647792691028
2.21,-0.30833851303237336,-0.1904508676696972
2.22,-0.35094499112913907,-0.1967436742351934
2.23,-0.31461302924586093,-0.1552434026319972
2.24,-0.24385321627259252,-0.2590404781601037
2.25,-0.3796564491869946,-0.25705540928577403
2.2600000000000002,-0.3459000677826758,-0.20499714770058222
2.27,-0.4214262728241088,-0.23507518263221852
2.2800000000000002,-0.32490169369910904,-0.24986959651371698
2.29,-0.2897179987328439,-0.2125701970404781
2.3000000000000003,-0.3542732773688697,-0.23263501318472232
2.31,-0.3014016877034996,-0.20645436863684363
2.32,-0.3530194669782039,-0.21437109800161963
2.33,-0.3802739169747327,-0.19427989901786216
2.34,-0.35649668154853836,-0.1887167042130481
2.35,-0.3744546838824971,-0.21631015598713602
2.36,-0.37004191889505067,-0.18252402403270998
2.37,-0.350811186127606,-0.1964161056463158
2.38,-0.3484145948548271,-0.16879098850854501
2.39,-0.347105257260606,-0.19040427762276702
2.4,-0.3417039538372279,-0.18396517373764604
2.41,-0.3306243184419468,-0.13966925971359287
2.42,-0.4275964127681259,-0.16312113668502726
2.43,-0.37739932645827323,-0.1919897797200374
2.44,-0.37078558670929657,-0.1709372299458918
2.45,-0.3820372903466221,-0.17485023222821308
2.46,-0.3693857510789348,-0.1741711421893119
2.47,-0.39500974979434544,-0.16342273751241973
2.48,-0.42272124564089736,-0.18626184457096237
2.49,-0.43778577393451334,-0.14433729494258826
2.5,-0.426955998782379,-0.13254198957673513
2.5100000000000002,-0.3444613813126968,-0.16441961844575356
2.52,-0.41297635451919495,-0.16623534508658727
2.5300000000000002,-0.3946104137568901,-0.13337931017821408
2.54,-0.40055359917407823,-0.15672051662727685
2.5500000000000003,-0.41076786544110805,-0.1536455034655348
2.56,-0.3713506787459536,-0.13439222555181762
2.57,-0.36186847960764795,-0.15899635735759626
2.58,-0.4094470760367492,-0.13452116253114688
2.59,-0.3940879165687113,-0.12390428737228147
2.6,-0.5516502712485968,-0.13606660872365764
2.61,-0.3929990470922786,-0.13366341437822632
2.62,-0.3606801965599837,-0.13458896609712256
2.63,-0.48751104619114966,-0.14585249418475
2.64,-0.43829956963192407,-0.13315660426378823
2.65,-0.5340351200487521,-0.1329695815030665
2.66,-0.3722342738987543,-0.11121929184702206
2.67,-0.41922483459345083,-0.10181019631331185
2.68,-0.4545212682964168,-0.1144042929183284
2.69,-0.4719977118204679,-0.11243953137916922
2.7,-0.46026006731004915,-0.10428558696253964
2.71,-0.40989355603871325,-0.12026608691585394
2.72,-0.4693007022190394,-0.11962690131351755
2.73,-0.4620981937500047,-0.1037782239708469
2.74,-0.41359612363075987,-0.10506574261820259
2.75,-0.3932186923895008,-0.0894284177017824
2.7600000000000002,-0.42708563218170925,-0.08027950865453314
2.77,-0.3808523720209017,-0.09444476065938763
2.7800000000000002,-0.4367540372372713,-0.07066236982928713
2.79,-0.533695615718573,-0.0934549219318431
2.8000000000000003,-0.4432377670668321,-0.0798300669330261
2.81,-0.5116221528352303,-0.08586450879470063
2.82,-0.46776559403265244,-0.0650252355838786
2.83,-0.46727537865997154,-0.07456020011897761
2.84,-0.5230726490084933,-0.05574367831999538
2.85,-0.45765862109286887,-0.06678715522251008
2.86,-0.5503972936631382,-0.06247060421296289
2.87,-0.5318484668300036,-0.0478585853975836
2.88,-0.41120973440753494,-0.05574092363392914
2.89,-0.4548365113786079,-0.05754387444350596
2.9,-0.5566348924408101,-0.0507711590421763
2.91,-0.47916841004931504,-0.04772111674457256
2.92,-0.46625431470091255,-0.034294461469132266
2.93,-0.4924280282839,-0.043584171738894305
2.94,-0.5104412638103812,-0.03402516394757861
2.95,-0.5773774340701808,-0.02696627244487794
2.96,-0.5245016564110084,-0.026309405124057036
2.97,-0.4445830247999979,-0.021353884635373365
2.98,-0.5371802776898227,-0.019210386248038194
2.99,-0.407912479708069,-0.015813153386770095
3.0,-0.4384959914591665,-0.013429480115442038
3.0100000000000002,-0.5042571819377099,-0.00919890729091702
3.02,-0.5016580895439546,-0.00558202053612145
3.0300000000000002,-0.49994534127642953,-0.001721315427757395
3.04,-0.5273193453807371,0.0016826722395340853
3.0500000000000003,-0.4984628288155314,0.004313258956889343
3.06,-0.5508222906839761,0.006917014271423201
3.0700000000000003,-0.5397552976482014,0.012565105218976799
3.08,-0.45854541211201405,0.015579667062789583
3.09,-0.5289640393096062,0.021776344750042795
3.1,-0.56652329890317,0.01911565425252309
3.11,-0.43044428244194066,0.027012116625577235
3.12,-0.5496179560428848,0.027846336581572328
3.13,-0.4291976952852271,0.03664477491657735
3.14,-0.5418783030088342,0.03400657228700956
3.15,-0.4174671873401882,0.04611301949649884
3.16,-0.4906841580239302,0.04854816794234555
3.17,-0.5787396510616836,0.04627101579859663
3.18,-0.568730938853824,0.04924054572859228
3.19,-0.5370203595607941,0.045323766597481864
3.2,-0.5181552750937726,0.05557117395231404
3.21,-0.5072309927091888,0.052037422061595034
3.22,-0.50200319622246,0.07297957165150239
3.23,-0.44610660689842085,0.07702486343973777
3.24,-0.4727166560033935,0.0776757324701029
3.25,-0.5181358806010973,0.08653264296002008
3.2600000000000002,-0.4634438635384185,0.07571728567306558
3.27,-0.4879092272578826,0.09077184005342291
3.2800000000000002,-0.3972879034715185,0.07419107824487964
3.29,-0.4896003345708696,0.0882245176031549
3.3000000000000003,-0.549109328012833,0.0920711198897253
3.31,-0.6185438879442207,0.10199447023306633
3.3200000000000003,-0.46733560250989453,0.10305765363564522
3.33,-0.4687016878279551,0.09817248461909142
3.34,-0.4449353088435823,0.10857575382616663
3.35,-0.40058651980772997,0.10368236831422993
3.36,-0.5606183637205993,0.11267719551015704
3.37,-0.5247002270535521,0.11448998088517179
3.38,-0.5163155218087783,0.10974869575256793
3.39,-0.3529013152757945,0.13325208574524652
3.4,-0.4227335884541304,0.12126296464606681
3.41,-0.5210121767624486,0.15398576368159217
3.42,-0.3646594362169717,0.137364965230552
3.43,-0.4089698813025161,0.13633361690101123
3.44,-0.4451156853772508,0.14498344755296783
3.45,-0.4697738739520337,0.1687094536370852
3.46,-0.449199495835648,0.15865496670108517
3.47,-0.38665247010445253,0.15327570211568758
3.48,-0.46326046110716196,0.1577690084816493
3.49,-0.42273449023195536,0.15085714560778482
3.5,-0.4798605185019452,0.1415477839917519
3.5100000000000002,-0.34158096748392536,0.17363509383282902
3.52,-0.42849642590366555,0.16700315297128585
3.5300000000000002,-0.4506555795893072,0.15217646669442209
3.54,-0.4586237133586174,0.18383035687730725
3.5500000000000003,-0.42895234254098197,0.18112970667365272
3.56,-0.40446676882719135,0.18202904622802293
3.5700000000000003,-0.43966177459578626,0.16452509907478646
3.58,-0.45553414713275703,0.1889711891472002
3.59,-0.3418786600190449,0.18303241342291973
3.6,-0.4364682571531466,0.1913578957473634
3.61,-0.43694395325150737,0.2115032867222751
3.62,-0.3853587064883229,0.21042575052165083
3.63,-0.3396702285281473,0.20760034013739767
3.64,-0.4292157780318622,0.17180530845294528
3.65,-0.3763165146921938,0.20130200160850556
3.66,-0.37357295112322825,0.2240428266420477
3.67,-0.44529566099165985,0.25220553211757574
3.68,-0.3727261416745667,0.2189305175783556
3.69,-0.41355935261272286,0.20463920393389473
3.7,-0.3273161618842239,0.2402021144109079
3.71,-0.29871995755716796,0.20596019556363396
3.72,-0.402264992676855,0.21229678153044926
3.73,-0.35858737968463406,0.23481821119867147
3.74,-0.30503530765965775,0.2604254077991397
3.75,-0.3935641290831556,0.2271804277196817
3.7600000000000002,-0.3168459829245233,0.24113526904545263
3.77,-0.3417358396588411,0.23140426380014992
3.7800000000000002,-0.33312654443770007,0.1984039389964746
3.79,-0.2938126952534043,0.24142393114603938
3.8000000000000003,-0.297693018026235,0.24180859530499732
3.81,-0.26963954883523633,0.25173131801878124
3.8200000000000003,-0.2512693240792368,0.4738140329163833
3.83,-0.3086704580100153,0.45648347999948924
3.84,-0.29351286840797064,0.2705987868992739
3.85,-0.23452098419744552,0.23108778117961828
3.86,-0.28967618492890773,0.24668375578769589
3.87,-0.2315957578850775,0.27821485638040006
3.88,-0.2761333287363976,0.26431862714879134
3.89,-0.22127038667916346,0.24356536496290213
3.9,-0.24499704290209134,0.2118854649741991
3.91,-0.24624846499826805,0.25465508731626324
3.92,-0.24469531081496557,0.2347320506321112
3.93,-0.2614402138118027,0.23850364111104097
3.94,-0.22355464792504376,0.28827624465883345
3.95,-0.23486076757167793,0.2741439082972115
3.96,-0.21946818513390268,0.2406045736237217
3.97,-0.16692232491028708,0.2740190085614083
3.98,-0.20888863199230887,0.27446100251127015
3.99,-0.1859722797589147,0.2515386856177013
4.0,-0.17526830914953342,0.22329266792797506
4.01,-0.16228995966123655,0.3145828029994955
4.0200000000000005,-0.1723972713817644,0.2699294948878466
4.03,-0.18576249544642356,0.25447377179198755
4.04,-0.17368495094426503,0.2290828165879254
4.05,-0.12576636101683972,0.2541220846434918
4.0600000000000005,-0.13782412832157967,0.2249068002892725
4.07,-0.1445200944430153,0.2562514047444685
4.08,-0.13051142700413954,0.23905830640653752
4.09,-0.11561006537962867,0.2944384384270984
4.1,-0.11398370980829169,0.26945042443887424
4.11,-0.1146425183404129,0.26585592609166786
4.12,-0.11673792218639281,0.22906311255590106
4.13,-0.10145108059192579,0.2602635172901617
4.14,-0.09261618276416474,0.2412922677378664
4.15,-0.08075115292019122,0.2952232090121611
4.16,-0.07915551993833475,0.2758232362872362
4.17,-0.08090461258388218,0.24112417857850554
4.18,-0.06596958000610065,0.24277628618683833
4.19,-0.07320278838970438,0.24864704926098466
4.2,-0.05611429056842673,0.25262091419068317
4.21,-0.05121069609333792,0.6617756266909909
4.22,-0.04344449703284797,0.2675551185581581
4.23,-0.036788076403169855,0.24479835014304527
4.24,-0.03338802423324374,0.27102334174622833
4.25,-0.02784885384743844,0.21293204753995276
4.26,-0.02103450242593841,0.23943934705517897
4.2700000000000005,-0.012476193445361628,0.2249364143027212
4.28,-0.008180729821777552,0.19091911344940277
4.29,-0.0014310500196282458,0.24630770809491517
4.3,0.004394138318062987,0.203177734056102
4.3100000000000005,0.009886903957639904,0.258023324274457
4.32,0.019207806610901754,0.21158628377483304
4.33,0.020111993317937664,0.1940667489623456
4.34,0.027753332535581876,0.19617485164179013
4.3500000000000005,0.03249589957820332,0.18826535437392605
4.36,0.03925738096368595,0.23070277015973087
4.37,0.050905372312546736,0.22894034652800005
4.38,0.047003256693270046,0.16942941721488589
4.39,0.052946239098164934,0.21749246725287344
4.4,0.05842429077465257,0.1796377080119626
4.41,0.061925613901233405,0.19554753039286754
4.42,0.08407281850815847,0.18609313647996545
4.43,0.0810201143815904,0.1985055516474837
4.44,0.07897155500067575,0.17941339588688812
4.45,0.09944002686191886,0.15925328216998386
4.46,0.07755450126680807,0.17927359043531835
4.47,0.09383951546359605,0.1858075204075499
4.48,0.10571442779196377,0.13989590312359473
4.49,0.08080597363094547,0.144037331419925
4.5,0.10638514497038332,0.15470579372001003
4.51,0.12337285166796064,0.11921244421573997
4.5200000000000005,0.11341614727971353,0.1248787447680762
4.53,0.12639273543590154,0.1412897043643047
4.54,0.11615052659010512,0.1218132376728565
4.55,0.11897946912474254,0.10471759567329404
4.5600000000000005,0.13178179109037058,0.09815959042950054
4.57,0.12634123334729827,0.09845674664698569
4.58,0.14606415800028694,0.10331067329427136
4.59,0.13999109450038208,0.07511953651702608
4.6000000000000005,0.7703580088674081,0.08226760811933752
4.61,0.14466117435434542,0.06630470336061597
4.62,0.16111702179548193,0.05945179415938527
4.63,0.17923109153566905,0.05791137099625829
4.64,0.16594574903366138,0.05342118227338491
4.65,0.15693675775635457,0.03712688067203582
4.66,0.21528778914088492,0.031107202105885058
4.67,0.14561957956171356,0.033368297432326374
4.68,0.17396483064573565,0.01987535696741954
4.69,0.18097274766185686,0.018003611342046647
4.7,0.1745701423883289,0.008906063143079476
4.71,0.18055176699590578,0.001263382703464296
4.72,0.19752660797057534,-0.006085846984185828
4.73,0.1868111463679116,-0.012806312749482835
4.74,0.1765950207797398,-0.021027207297956006
4.75,0.2052347581118329,-0.024636258642251364
4.76,0.20395195360615923,-0.03592054015944897
4.7700000000000005,0.22175847374577842,-0.04618973103892154
4.78,0.20003661822395366,-0.047643538201745814
4.79,0.20779172515333003,-0.0654598223873064
4.8,0.2091498234791142,-0.05988422598548366
4.8100000000000005,0.19033785876599046,-0.07429593495114512
4.82,0.19764743320560604,-0.07244179661447221
4.83,0.20801474111156443,-0.09619728982236503
4.84,0.1803886341121605,-0.09990982563241652
4.8500000000000005,0.2371043483324266,-0.1180256740007947
4.86,0.20277030432429896,-0.11496133923823662
4.87,0.21300660323248538,-0.10241606837530362
4.88,0.23856694190222275,-0.11945942979737555
4.89,0.2234028603268153,-0.12852334375009988
4.9,0.1894100305554183,-0.14236948051572343
4.91,0.19680571309782433,-0.1608526219284716
4.92,0.27422837264906935,-0.13590116353545917
4.93,0.2308355455537681,-0.1544681898832574
4.94,0.187730842285444,-0.1854363761989278
4.95,0.17834995965076603,-0.1589892415446164
4.96,0.20788727492395215,-0.20153640840294207
4.97,0.2391874381895391,-0.21463441586179213
4.98,0.19873398452591218,-0.2159927157573078
4.99,0.21987370756904637,-0.20722965231927593
5.0,0.23948105263353456,-0.18859400414123575
5.01,0.2300646937011446,-0.28059535293383314
5.0200000000000005,0.22842894087208238,-0.26543735646463723
5.03,0.21693024911135542,-0.23650791112237984
5.04,0.22611173516357558,-0.26681085665100934
5.05,0.2555887468405413,-0.2610267338136184
5.0600000000000005,0.23489357185749019,-0.30317588160177905
5.07,0.20958289210813597,-0.2896938572654275
5.08,0.19731292371619183,-0.29582379955503163
5.09,0.2131023161490461,-0.23728869712599907
5.1000000000000005,0.2443369804939839,-0.3098376997251378
5.11,0.18612533992399097,-0.29888184121480676
5.12,0.20035857967785792,-0.28176030409458913
5.13,0.20362704841099816,-0.37845924844106077
5.14,0.2230031422451566,-0.3091058675148699
5.15,0.16838317570196318,-0.2810801791530533
5.16,0.19816382451186998,-0.3148763381949674
5.17,0.20601003909307164,-0.32796722473745415
5.18,0.2104577821444249,-0.3217668777969462
5.19,0.20566020595178908,-0.3617984910848753
5.2,0.13502595812026838,-0.34514083413177554
5.21,0.12661720895111234,-0.38794471587738744
5.22,0.1496396733602077,-0.3352540612380408
5.23,0.1574369555904277,-0.37488447117946905
5.24,0.14995583859934858,-0.38808113894035495
5.25,0.8707523783402877,-0.4324598241594749
5.26,0.14653535856626482,-0.47535607763044857
5.2700000000000005,0.16135091005607305,-0.4103922869073483
5.28,0.13893616557745705,-0.46867452859533304
5.29,0.1235605221505807,-0.37326019086507245
5.3,0.13291415770399767,-0.3686509058059105
5.3100000000000005,0.12533696650876888,-0.4452279615211719
5.32,0.1162907382252351,-0.38838713443780726
5.33,0.10680393249882558,-0.4208353484638283
5.34,0.10917100116228008,-0.38712504395759967
5.3500000000000005,0.1192655547371107,-0.4316394196575967
5.36,0.10046167631166712,-0.4263423832324429
5.37,0.09516157083111407,-0.48303571860791245
5.38,0.08062594443420384,-0.38291225313211147
5.39,0.06893629964171594,-0.5307970382083818
5.4,0.0763083500093801,-0.4569503683007415
5.41,0.058458775247602,-0.4635316274317702
5.42,0.05120222120274192,-0.5521752416143599
5.43,0.04708484983310321,-0.5000050423777774
5.44,0.04006461297039041,-0.43855123201625096
5.45,0.0419963821088856,-0.42361710469788666
5.46,0.03279896983872651,-0.45030791995403946
5.47,0.02984987395786039,-0.439055172341287
5.48,0.017290654433895263,-0.41070827622200184
5.49,0.011098327523142422,-0.40722270513366315
5.5,0.0033240971821699443,-0.4885875766299299
5.51,-0.004376871846595003,-0.5246741759363075
5.5200000000000005,-0.014186010432326021,-0.45645128930006224
5.53,-0.01806652567155991,-0.4966851917689558
5.54,-0.02933035991361601,-0.5191574737511983
5.55,-0.0402531374600364,-0.4618113979039962
5.5600000000000005,-0.03772092688440297,-0.5581200289360905
5.57,-0.05481660183329896,-0.49691021445816197
5.58,-0.05070086202509777,-0.4529183740122046
5.59,-0.07677983620193424,-0.427635868750682
5.6000000000000005,-0.08159559509457828,-0.45587002982595914
5.61,-0.08625256224462537,-0.42599663506592544
5.62,-0.10136841110531179,-0.5254829025328812
5.63,-0.11077112932737065,-0.5261255041714492
5.64,-0.1319811825254218,-0.4622953850239726
5.65,-0.12855714381916397,-0.4694673557488996
5.66,-0.10545051231374371,-0.4361132701837159
5.67,-0.14230678099501815,-0.4683344072087256
5.68,-0.12910999833909234,-0.4044301495977171
5.69,-0.16860344590914492,-0.42689112927601225
5.7,-0.16609483440392667,-0.518017243225361
5.71,-0.1680615556985778,-0.43232510959906323
5.72,-0.18769568091551017,-0.41932261227431245
5.73,-0.1896829366688394,-0.4238312967720338
5.74,-0.198440883329461,-0.4151776355007491
5.75,-0.22198170244150658,-0.48356204942899145
5.76,-0.2505564689529149,-0.3399558329376041
5.7700000000000005,-0.16971133029485422,-0.4072740994036383
5.78,-0.28130366464221335,-0.4913255238002914
5.79,-0.24614525204227286,-0.48745768873017625
5.8,-0.20695210210183562,-0.45811512120877257
5.8100000000000005,-0.29658814555185203,-0.46775991076628654
5.82,-0.30886340583282457,-0.34278659873514034
5.83,-0.2867149170184042,-0.4021755426579401
5.84,-0.32065104835651265,-0.44907166041457136
5.8500000000000005,-0.2938937099482958,-0.4025236040724648
5.86,-0.3726284701973101,-0.386097250970762
5.87,-0.347278200390064,-0.36110819676259176
5.88,-0.37954438301301135,-0.3989809140202805
5.89,-0.3097601034349856,-0.37623557441653255
5.9,-0.3386346219507962,-0.3844390582236673
5.91,-0.370798647679343,-0.3683630970303295
5.92,-0.3430044103912043,-0.35176539864454887
5.93,-0.40840379687584477,-0.37585470522963704
5.94,-0.3955749156909079,-0.3663194712541957
5.95,-0.33624606850378624,-0.31764596729211264
5.96,-0.5064441236160142,-0.3899107602397258
5.97,-0.540686336773325,-0.3269910309058263
5.98,-0.4152870665440604,-0.3246608394565256
5.99,-0.4334192297735197,-0.34148885103705257
6.0,-0.4427813091167156,-0.31173480016491056
6.01,-0.49592207610128547,-0.33284962566262144
6.0200000000000005,-0.5288277605418512,-0.3204769446670082
6.03,-0.4860342349389738,-0.317325755469967
6.04,-0.49627313445947224,-0.21867891470467318
6.05,-0.5477504793438154,-0.27945569208474635
6.0600000000000005,-0.5449272357446648,-0.337679721742344
6.07,-0.4517036555385234,-0.2589990342139961
6.08,-0.5777493545807995,-0.25546596187216625
6.09,-0.605287367858725,-0.18889215952595875
6.1000000000000005,-0.5814518002369697,-0.19575181000786823
6.11,-0.5641255797037543,-0.22688846113613761
6.12,-0.5203946126463885,-0.21801467591373913
6.13,-0.5096133511237174,-0.22288819691513784
6.140000000000001,-0.6192266842499199,-0.19606766970103795
6.15,-0.6879519912046473,-0.19914489020512804
6.16,-0.47074443590919307,-0.16574964508768722
6.17,-0.7437585737060762,-0.17050555432906978
6.18,-0.6084708546624273,-0.17863139124291952
6.19,-0.6883868486041832,-0.15747586154750712
6.2,-0.6621147435582582,-0.13207852934390363
6.21,-0.6050371630567463,-0.13962473342927836
6.22,-0.6836020958505508,-0.136337846388724
6.23,-0.6800127876438239,-0.11503024906357696
6.24,-0.7238724912463657,-0.10627457965546613
6.25,-0.7779231673856367,-0.08677321515818391
6.26,-0.786519418580743,-0.09153162946313777
6.2700000000000005,-0.6901292939045756,-0.061287623573251536
6.28,-0.7765911365327737,-0.06395803370679654
6.29,-0.7240880104321213,-0.04847148236153397
6.3,-0.5661597966531821,-0.04093326057790493
6.3100000000000005,-0.7776602362574937,-0.025325070186666073
6.32,-0.7116338757800426,-0.012411179030509421
6.33,-0.7647370895779102,-0.00242802149392412
6.34,-0.916847907043761,0.008421426238908227
6.3500000000000005,-0.7178193595798524,0.01867637736610291
6.36,-0.7324577024103928,0.026650658996375465
6.37,-0.6880867406055001,0.042030181104671424
6.38,-0.8015182561832938,0.05598940795909025
6.390000000000001,-0.734891667388038,0.058999124491375156
6.4,-0.7129867602113489,0.07477302042823157
6.41,-0.6963933286187389,0.10131885273540096
6.42,-0.6613966693602296,0.11941347277776337
6.43,-0.7044917214790093,0.11291993961759553
6.44,-0.7834373775415547,0.11144260882158612
6.45,-0.8305447888413776,0.11665559563467483
6.46,-0.6805186235002506,0.1391839232704312
6.47,-0.7939268127510228,0.1750200934557679
6.48,-0.7193083764872902,0.16576514701291098
6.49,-0.6673362075622856,0.21202465594094527
6.5,-0.8514136122238137,0.17488404611601494
6.51,-0.7970816827821199,0.1966077991480845
6.5200000000000005,-0.7765709919964097,0.23813489807556776
6.53,-0.6453742231540183,0.23564566353178484
6.54,-0.6274905370684802,0.2065720381573406
6.55,-0.8017322578525468,0.2591008025940219
6.5600000000000005,-0.7432369795540494,0.3101721399604409
6.57,-0.7868630309432462,0.30415968343652244
6.58,-0.7990158656179311,1.0971754377911807
6.59,-0.7019898639804921,0.3016335754132166
6.6000000000000005,-0.8205450437710506,0.35654521761663516
6.61,-0.6296876326424937,1.8615972227346944
6.62,-0.7746332302345722,0.35985629626062343
6.63,-0.6823839961878022,0.34516401347936826
6.640000000000001,-0.7777121199906126,0.3975672472887569
6.65,-0.5556259005690195,0.32033277066015436
6.66,-0.7370357048201053,0.38754482253438804
6.67,-0.8026336236152084,0.38590034944117424
6.68,-0.5421094383160321,0.41050090634321856
6.69,-0.6100987659766939,0.37713478860361443
6.7,-0.5900863200047299,0.37772885643743975
6.71,-0.761183691878007,0.37374234315737265
6.72,-0.6209272080915552,0.38959086408654925
6.73,-0.6503728866936089,0.48488894490197343
6.74,-0.5086511464072409,0.4530456417516022
6.75,-0.5409836666895704,0.4331184342950375
6.76,-0.5061606659122653,0.4341985687822445
6.7700000000000005,-0.5134515363153485,0.40812404179943745
6.78,-0.4392272671300502,0.48236595349124145
6.79,-0.5691007761031949,0.4985287563172061
6.8,-0.5073710761462223,0.5407941933579472
6.8100000000000005,-0.533868753326072,0.5077153710907955
6.82,-0.522559515791396,0.5495427951727477
6.83,-0.36803520951261665,0.4650838194863548
6.84,-0.4350852612708599,0.5662905279210684
6.8500000000000005,-0.3805146998392019,0.5604462168770877
6.86,-0.4205779914211917,0.51159184307266
6.87,-0.3275970210218811,0.5166800427703281
6.88,0.9668377236453165,0.49004706804341647
6.890000000000001,-0.34431818114408463,0.5531685372820148
6.9,-0.28262975383758066,0.6559626273879663
6.91,-0.3153323081284286,0.4878328741395081
6.92,-0.25057629291719635,0.5082892956078973
6.93,-0.2158460068130611,0.4905415196180978
6.94,-0.24263273382718095,0.5412851408565436
6.95,-0.1845558200146119,0.6537308785438641
6.96,-0.20078857394543578,0.7470131318909429
6.97,-0.15817085173879952,0.615359024687648
6.98,-0.12525957716976302,0.5865793593225194
6.99,-0.12242395826217989,0.5791678663867814
7.0,-0.10263746741894042,0.5282323586376353
7.01,-0.09046990533375975,0.5904652293958748
7.0200000000000005,-0.06132547646229676,0.6129851369345426
7.03,-0.05324413746061988,0.6502838319221285
7.04,-0.027785385145485106,0.5998117900307648
7.05,-0.00802842479168874,0.6766454722664501
7.0600000000000005,0.011322751171941568,0.7388468215248517
7.07,0.03511046601090084,0.6330036737927427
7.08,0.046553622257809235,0.5588563050339617
7.09,0.055200626243684485,0.6095930488286917
7.1000000000000005,0.08694734663085829,0.5044030863746692
7.11,0.10691248511230118,0.5861479209222377
7.12,0.12096315990074195,0.6125539230918498
7.13,0.1415482398395805,0.7927137718691378
7.140000000000001,1.8224503541956036,0.7306260377000698
7.15,0.18959769779532176,0.5472715709907565
7.16,0.21316418036343796,0.6069348075917018
7.17,0.19307143935995114,0.5906739933258236
7.18,0.205539033758373,0.5515819029666946
7.19,0.2520075600598956,0.6107944137581381
7.2,0.21505009492226032,0.65260399706696
7.21,0.29404896527546676,0.6021660783824873
7.22,0.2780609470104403,0.4513754040116402
7.23,0.2994100834891547,0.5681614408773328
7.24,0.359691714254617,0.6055269989550519
7.25,0.33839759218374366,0.5649809009727415
7.26,0.30403773357697506,0.4756238252825396
7.2700000000000005,0.32240207758215306,0.4613802348008103
7.28,0.381211460072749,0.44804926439405923
7.29,0.34524066356137567,0.5969789272958949
7.3,0.3286111148829873,0.4465769310760983
7.3100000000000005,0.4388252044632886,0.4354091866402991
7.32,0.40015114649260153,0.4892347353959127
7.33,0.38600360776816633,0.4911004311979848
7.34,0.4146518906153394,0.4576809238237787
7.3500000000000005,0.44449594744323384,0.3267666797982597
7.36,0.5421399412738375,0.40267893087313894
7.37,0.5133708943784947,0.32357624102753085
7.38,0.4332315400661548,0.32812907752403314
7.390000000000001,0.45986010525431686,0.32962655498753174
7.4,0.4165662818394701,0.2537407240348312
7.41,0.37118536193197776,0.2687897974566729
7.42,0.4425477113938137,0.2477085366318653
7.43,0.42140535221579173,0.3155538711972153
7.44,0.5076472196867663,0.2339984187429489
7.45,0.6043165514931247,0.2410918990070394
7.46,0.49051358552567875,0.16121735004772564
7.47,0.47199347734496505,0.1765237477934012
7.48,0.5258561902447612,0.1481022588312823
7.49,0.5246665275540046,0.12596863838919975
7.5,0.4862318486084111,0.11578423432023174
7.51,0.4810112533855851,0.11552598073193623
7.5200000000000005,0.5695146230753073,0.07141074073917035
7.53,0.5450478890055328,0.04201710140278537
7.54,0.567696616684976,0.026333505633643516
7.55,0.5172571294091918,0.004719784358887998
7.5600000000000005,0.5554028769641353,-0.014552676655510915
7.57,0.6384143592496803,-0.036114019928215356
7.58,0.6187039553021253,-0.05955731904614484
7.59,0.5825911144942413,-0.08583563838318621
7.6000000000000005,0.430636535496714,-0.09852701984918952
7.61,0.6126412849959983,-0.14083331610713615
7.62,0.6282915767266373,-0.0963275262307706
7.63,0.5596771628878584,-0.14024431277470295
7.640000000000001,0.5768139881418385,-0.20893456706173047
7.65,0.5631638371371701,-0.1843297291151343
7.66,0.5834225631875186,-0.23535814417415885
7.67,0.5241634439195302,-0.2127688142225474
7.68,0.6299896791426098,-0.279464002238667
7.69,0.5626513493157093,-0.2574355007202238
7.7,0.4987850959163202,-0.2952709152642358
7.71,0.625007710733335,-0.29417622056196274
7.72,0.5863408466713858,-0.3686486340972886
7.73,0.650381328426357,-0.3593804280435735
7.74,0.5486715964277828,-0.41036496183347504
7.75,0.5797296620963496,-0.45174443673648423
7.76,0.6266878231718748,-0.4059708671178468
7.7700000000000005,0.5408226969400424,-0.45202237345141505
7.78,0.6148165479034899,-0.44747537976260704
7.79,0.5868295770519123,-0.5119919409133291
7.8,0.508540325054992,-0.4469382786100411
7.8100000000000005,0.6107948092643433,-0.4556362961153606
7.82,0.4801057751602059,-0.46119072590425997
7.83,0.47437604322463783,-0.5505548171168891
7.84,0.5281802996108975,-0.4750824519650007
7.8500000000000005,0.39764151784610013,-0.4635057438821672
7.86,0.4640996088851059,-0.6238185273917042
7.87,0.4552047466474687,-0.4780144727847045
7.88,0.40010384930561393,-0.5393394280130633
7.890000000000001,0.44678657046887515,-0.7007910060955007
7.9,0.38623819796950504,-0.5294571304362249
7.91,0.4578089637852619,-0.692320639737916
7.92,0.4720856134498188,-0.7201126486980123
7.930000000000001,0.35215748239771466,-0.638739144737763
7.94,0.39577140283330475,-0.6833417936576829
7.95,0.37753507028278727,-0.650649910005868
7.96,0.36067571748227806,-0.6587346640277878
7.97,0.3405769471929901,-0.5374009171651005
7.98,0.3322315722513503,-0.6333420197025403
7.99,0.2972029403487584,-0.6686715001475851
8.0,0.24187327593309874,-0.7531463817313665
8.01,0.2882388539068401,-0.7172437331137331
8.02,0.25896249502958685,-0.7606226213748665
8.03,0.24198865446420734,-0.716836525225558
8.040000000000001,0.19486587082207138,-0.8434234372693677
8.05,0.18748911671617044,-0.6996545238653192
8.06,0.16984036979242875,-0.7089421872745624
8.07,0.17349948216071956,-0.8055781428518474
8.08,0.1500057871710301,-0.7603237612333987
8.09,0.15259758530460546,-0.7400704383288352
8.1,0.12292552112803316,-0.6819292973555618
8.11,0.0969071398412723,-0.6634232944977967
8.120000000000001,0.06928238981495873,-0.6576796036022784
8.13,0.07169666386815539,-0.7360205716808688
8.14,0.03961129363333531,-0.667052330294745
8.15,0.03188424368614894,-0.6404742839470541
8.16,0.009887142110122787,-0.5800463692402199
8.17,-0.010985010468871816,-0.6732581146054887
8.18,-0.033669406959883415,-0.7143032703598049
8.19,-0.054211138879862286,-0.6271305157029304
8.2,-0.0701118127005567,-0.7565300790720518
8.21,-0.08140095397056267,-0.6077735961300466
8.22,-0.11793746541657173,-0.6941180843011456
8.23,-0.12754599094831273,-0.6416081135894579
8.24,-0.1503399801036942,-0.7077118782108883
8.25,-0.17528203593674124,-0.8194772876642765
8.26,-0.22958769811877686,-0.7922031537442485
8.27,-0.22536191998983837,-0.5078345344081936
8.28,-0.2038759482720782,-0.698453315915763
8.290000000000001,-0.2747545990546763,-0.6411731015909258
8.3,-0.33619640816505175,-0.6125928808037686
8.31,-0.3487875218730339,-0.6361986144003218
8.32,-0.3153157880295859,-0.602753991749751
8.33,-0.3329165404293311,-0.7134426919202035
8.34,-0.3669468204528918,-0.6176414509417102
8.35,-0.3494330143363458,-0.6588418486125818
8.36,-0.36236239406691023,-0.6132283063594631
8.370000000000001,-0.4132254995208501,-0.5696774313827465
8.38,-0.46037429563557686,-0.49940607183083685
8.39,-0.38756829577496055,-0.5337051923887803
8.4,-0.44576029204480955,-0.4112319419326606
8.41,-0.45852415099729005,-0.4593023170467041
8.42,-0.4709587431745167,-0.49151589725006634
8.43,-0.5071542179613828,-0.4838423627173491
8.44,-0.5450389774979748,-0.48226777634216805
8.45,-0.6148335036095416,-0.40953548439593057
8.46,-0.6136482832321206,-0.3398666979874287
8.47,-0.7034543783016128,-0.4213405984969055
8.48,-0.6084888767504332,-0.3665258051505824
8.49,-0.6660831296980101,-0.388837972185114
8.5,-0.6490922280263107,-0.37641440581191565
8.51,-0.6567232945487897,-0.3376911565655799
8.52,-0.7587982434792215,-0.24888377586997062
8.53,-0.6982741159698338,-0.25448652809318456
8.540000000000001,-0.9299829792663549,-0.3165159469517593
8.55,-0.7036926410655693,-0.23021132297307337
8.56,-0.9402753114509756,-0.28740592850004476
8.57,-0.835408180101523,-0.21164628200079133
8.58,-0.7172982748077329,-0.18548889743972768
8.59,-0.8316630604512089,-0.2028544420864759
8.6,-0.8126332934846492,-0.16607781478553088
8.61,-0.9481077429940905,-0.15054609733392296
8.620000000000001,-0.9237637933649009,-0.14725236067321817
8.63,-0.8350405360241261,-0.11121476427914816
8.64,-0.9421287444297124,-0.0985958525890425
8.65,-0.8447547848076727,-0.06675233112182512
8.66,-1.028118069272789,-0.04718421794522243
8.67,-0.8082355327106311,-0.020039079782358502
8.68,-1.1620738210291346,0.001788175707078828
8.69,-0.9352618707102544,0.024412925794148735
8.700000000000001,-1.0667421623416613,0.04427129085902088
8.71,-0.9656480934117425,0.07255432360142455
8.72,-1.2949979691335478,0.08732343359191279
8.73,-0.9803035038907532,0.10703416040849605
8.74,-1.1324509777851277,0.15709301634268943
8.75,-0.7798722189750895,0.169385310543725
8.76,-0.9344076351356326,0.164543976812814
8.77,-1.0356965879580153,0.17019823483593663
8.78,-1.0217474716194308,0.23513992205952972
8.790000000000001,-0.9447342242458736,0.27163023501071953
8.8,-1.2671395351461794,0.27864951820896783
8.81,-0.9935278683189329,0.30280440463625397
8.82,-1.3142259167782426,0.3561986853993112
8.83,-1.053524361796851,0.37786581788696183
8.84,-1.1246142873662446,0.3450911035049082
8.85,-1.1759334461314874,0.3523734228275778
8.86,-1.189725098437861,0.4502353270823393
8.870000000000001,-0.8471722832489724,0.44253527287952427
8.88,-1.029434968683232,0.5077060634669001
8.89,-1.026549161172133,0.5998527514622699
8.9,-0.9573430673118051,0.5375282318128269
8.91,-0.8689091196512081,0.5015065892001611
8.92,-0.9087378654166968,0.6222027500171367
8.93,-0.8415802065276851,0.5323570333784988
8.94,-0.9644769859385233,0.6564232651302494
8.950000000000001,-0.9237479687971861,0.57954486915655
8.96,-1.0221371190690207,0.6823509785182541
8.97,-0.9061740822200216,0.664683248383372
8.98,-0.8442630245811177,0.7460965764052713
8.99,-0.9758762974372767,0.700977758994795
9.0,-0.832513305338008,0.732831970015343
9.01,-0.752335846662147,0.6908636059493878
9.02,-0.798827794436199,0.8463342025809726
9.03,-0.8058890870131782,0.7070995851971227
9.040000000000001,-0.7151452025650463,0.9983290376523337
9.05,-0.677732214079741,0.8193803269513037
9.06,-0.6268705916214059,0.7554801478302448
9.07,-0.5990082211014877,0.8951041316007813
9.08,-0.5679451648036757,0.9125516585526984
9.09,-0.4911260542204575,0.8441715687019832
9.1,-0.5014925324668548,1.115076602366215
9.11,-0.40712887672254405,0.8672650864366388
9.120000000000001,-0.3978840896120399,0.9877206595891003
9.13,-0.3001179182386332,0.994484551730652
9.14,-0.2979163641580107,0.973241962285658
9.15,-0.24485468726701298,1.135950583241517
9.16,-0.1682044578246532,0.8697502072584259
9.17,-0.18342373259952333,1.080091659431544
9.18,-0.11147223636772934,1.086260864740433
9.19,-0.08870028681298173,1.099807071081684
9.200000000000001,-0.037222409410389096,1.12301715322618
9.21,0.005520087174736223,1.1440215977335546
9.22,0.05270672901502177,1.2366131109412242
9.23,0.08710779189417076,1.0423656952259859
9.24,0.10232709593708379,1.0338232195564787
9.25,0.19304610335068834,1.0886164601096988
9.26,0.21368794633578672,0.9818790402874203
9.27,0.2486998067893963,0.9583323985211122
9.28,0.2687620287668847,1.1957033015323288
9.290000000000001,0.29131095578522487,1.2052775307287293
9.3,0.28060656344448237,1.120165983318498
9.31,0.45469784802299634,1.112237593424868
9.32,0.4557209823839253,1.1089660227743126
9.33,0.45074388587488734,1.0612915714450415
9.34,0.5150804129020894,1.0071438530205001
9.35,0.5752411724547688,1.2211150331915634
9.36,0.5225896639292235,1.1085071052973592
9.370000000000001,0.5427301949393453,0.858649904007515
9.38,0.5382535856415477,0.9410492974291309
9.39,0.5842719664121504,0.9502071996611797
9.4,0.6392094591588098,1.0285774827207315
9.41,0.7481724066470812,0.9495521868677254
9.42,0.5895464669050149,1.0064938173844111
9.43,0.6414249217475977,1.0584079253296472
9.44,0.5969567477957659,0.9183108331605802
9.450000000000001,0.7089862309366491,0.9292406893867081
9.46,0.7183329427669661,0.7428013925359497
9.47,0.7767098774692505,0.7484911210347394
9.48,2.494013762645151,0.706727794838015
9.49,0.6464238985017996,0.6484706720108331
9.5,0.7262647894901436,0.7741272350411046
9.51,0.7380120260591305,0.7079876625089594
9.52,0.738279317202453,0.7015148962917266
9.53,0.7484058303502773,0.709167844551322
9.540000000000001,0.8178431777672729,0.6095612596779273
9.55,0.8366147664969148,0.5377700843078199
9.56,2.177579275126996,0.5902041441458422
9.57,0.8357285510988925,0.45053659487840314
9.58,0.8654171682837504,0.3982323525688082
9.59,0.6559223025904019,0.3754073389609355
9.6,0.7335727715710995,0.39723846262467866
9.61,0.8230650216583311,0.30183526832048946
9.620000000000001,0.7994427793037824,0.2411689668978554
9.63,0.7860561749278762,0.23360403633335042
9.64,0.750441557018831,0.20215500474229559
9.65,0.8762139024664659,0.1934362319507404
9.66,0.78273716204669,0.1284199938601496
9.67,0.9886617122719009,0.08738392902934951
9.68,1.0619975278529457,0.05110736297253938
9.69,0.9418000575804869,0.013338414213656561
9.700000000000001,0.9002848316160857,-0.028345077684055024
9.71,0.8607061318337919,-0.07205660853012988
9.72,0.8499836919496593,-0.09316259810867077
9.73,1.051969108854441,-0.13872472684504553
9.74,0.8873171712883664,-0.15353910651794794
9.75,0.9082738081053139,-0.17838134261591448
9.76,0.9462965932072164,-0.23519650147194632
9.77,0.7489512353603576,-0.3038985754051929
9.78,0.8754475906474475,-0.35602092636699223
9.790000000000001,0.8454386901012318,-0.34735621821153995
9.8,0.8284829456257463,-0.36453548685564274
9.81,1.0023113762538576,-0.4047641286911084
9.82,0.9044252770974509,-0.39933049651285885
9.83,0.8483000356840348,-0.45621312663064634
9.84,1.0294611729205876,-0.5034906173050602
9.85,0.7623193161136484,-0.53350107407984
9.86,0.8886768543991383,-0.6090192537856024
9.870000000000001,0.7953418468295952,-0.6128175138099009
9.88,0.9077804771627588,-0.5493600278015563
9.89,0.7333636182037834,-0.5630600573811007
9.9,0.7739975290636959,-0.7168295689644191
9.91,0.7553056348702423,-0.6807591349805026
9.92,0.6662987744557498,-0.7194377672389173
9.93,0.8266116223305764,-0.6178251202841483
9.94,0.8483061812590958,-0.7114793289207991
9.950000000000001,0.7199425931468282,-0.7578780492951299
9.96,0.6361868130119559,-0.7773497497027435
9.97,0.657555879904395,-0.8336995704874585
9.98,0.669825338414704,-0.7056558597615546
9.99,0.6122405874005092,-0.7863433668060791
10.0,0.604005129567034,-0.8706479394950537
10.01,0.5369571082895447,-0.8867517264424742
10.02,0.6448037775051944,-0.9109497798631535
10.03,0.5367888811865396,-0.8831701667843684
10.040000000000001,0.5253451328833753,-0.8700024812973443
10.05,0.41437743469761845,-0.9051717834639322
10.06,0.4101565865279042,-0.9857318762682039
10.07,0.3930332303108442,-0.8539282234002761
10.08,0.4106336889196208,-0.9215433817577882
10.09,0.34563302335887225,-1.0354908924378334
10.1,0.3154712258768484,-0.9631142385022715
10.11,0.26613828882506657,-1.0264582499990693
10.120000000000001,0.27152067953507225,-0.9887208243355482
10.13,0.21958691245860876,-0.6033760131753872
10.14,0.1818898610686119,-0.936448427307183
10.15,0.19105518299807403,-1.090064975156519
10.16,0.15519960700203633,-0.8652626935772719
10.17,0.11821510551036939,-0.8303146015506706
10.18,0.08050454795180767,-0.9107452878555401
10.19,0.048532691263898746,-0.8695160767274986
10.200000000000001,0.017045238556243382,-0.8907068705936538
10.21,-0.014456386946297065,-0.9707264021308027
10.22,-0.058968217607057116,-1.0967550940246067
10.23,-0.058810363573139256,-0.9049571324755709
10.24,-0.09643609078110842,-0.7437649988942082
10.25,-0.13785025461288805,-0.8267585403514155
10.26,-0.17339937467671226,-0.848570036898973
10.27,-0.20470700251048377,-0.9005316832315244
10.28,-0.26744688829995383,-0.8519792308525644
10.290000000000001,-0.3091345633912597,-0.7161296617120719
10.3,-0.28981741925798293,-0.8529016148664391
10.31,-0.39512401458736673,-0.799724785488319
10.32,-0.3416220961889073,-0.695739461292199
10.33,-0.42857404329345744,-0.5442749697847472
10.34,-0.47512382218349825,-0.9050996722759946
10.35,-0.6257589223402087,-0.7656060677036769
10.36,-0.4789007901867972,-0.7071160326122747
10.370000000000001,-0.6316436640270794,-0.7063873894396571
10.38,-0.5840351831036595,-0.7306080012448214
10.39,0.1257731021626941,-0.5721417666375297
10.4,-0.7125366930023719,-0.6162089369687976
10.41,-0.6511618834159504,-0.6268808913012641
10.42,-0.8168126358742896,-0.6365132376490428
10.43,-0.7166601570284894,-0.5843082788772361
10.44,-0.6393196638884746,-0.4618114027562319
10.450000000000001,-0.7529488078258845,-0.49410578471092853
10.46,-0.8682019067254322,-0.3651471756172835
10.47,-0.767895526900337,-0.3960932702176649
10.48,-0.8615535949374622,-0.42829185144151033
10.49,-0.984335484716203,-0.3938191783585924
10.5,-0.9580438603230073,-0.3396139119121313
10.51,-1.041093953920335,-0.2653345356278691
10.52,-0.756801401567893,-0.3054183670030237
10.53,-1.0460153907090832,-0.24522307139098062
10.540000000000001,-0.8948836792003431,-0.25680421071536896
10.55,-1.043303347869555,-0.17734061180948518
10.56,-0.8622712491523955,-0.17324711519262578
10.57,-1.0845540836532515,-0.14458344817883256
10.58,-1.1331061773491486,-0.09036242309420355
10.59,-1.2096928054696754,-0.07140646118776711
10.6,-1.0852926843623403,-0.03202891425085027
10.61,-1.0893017478108447,-0.0032771518522467483
10.620000000000001,-1.2565481567486385,0.03212089433354977
10.63,-1.2689246904009244,0.06063854087745613
10.64,-1.317329987930051,0.09563413421953097
10.65,-1.3237069946050692,0.13114448085743424
10.66,-1.2814801493899544,0.16893611888606738
10.67,-1.226180043192033,0.21884855401940048
10.68,-1.5351576821354938,0.29100975652938404
10.69,-1.306907993251933,0.3113690454552546
10.700000000000001,-1.2496739325541941,0.3351890791270678
10.71,-1.3323874553236053,0.31719715263349196
10.72,-1.1939340395785802,0.3458987533259085
10.73,-1.2679363652884834,0.4447670856291125
10.74,-1.3177342408885566,0.4050161713179067
10.75,-1.2649664688866673,0.5892805534903809
10.76,-1.2424064449884709,0.5803218270706925
10.77,-1.4716406233724038,0.5576295905611831
10.78,-1.2921891546432842,0.6423299279769114
10.790000000000001,-1.1236027177095562,0.6475311534902064
10.8,-1.5288126988309678,0.7328955276006747
10.81,-1.0440080533334755,0.7345635069080341
10.82,-1.2788815411266594,0.8409308093197809
10.83,-1.2942446248026978,0.8344470556961415
10.84,-0.9254166230823314,0.9641983917193058
10.85,-0.9507394873306588,0.8967912149840819
10.86,-0.8912169449603287,0.8886788114063767
10.870000000000001,-1.0129345001362853,1.4595343466926132
10.88,-1.0081879369318496,0.9530710733196344
10.89,-0.9378919968230236,1.008605649866408
10.9,-0.8342450240382413,1.0961395556073017
10.91,-0.7126032295553447,1.0883595816276515
10.92,-0.889527387466983,1.0149663991692512
10.93,-0.6650798181375142,1.2808287886778686
10.94,-0.6301272489330294,1.2825820945376154
10.950000000000001,-0.5273217047164268,1.393964179693084
10.96,-0.5879171690929006,1.0865567529552285
10.97,-0.5188011802664652,1.0728126255771344
10.98,-0.4366560924919936,1.5306622878794527
10.99,-0.43199769359837026,1.3869270564829022
11.0,-0.3345521883872697,1.4854424152854178
11.01,-0.18135688506384723,1.3341842506031245
11.02,-0.17144643530607545,1.2980546773387407
11.03,-0.08854091962311597,1.3179271819146734
11.040000000000001,-0.016996380073545696,1.7255848991389267
11.05,0.057613817101310125,1.539366502460438
11.06,0.14800344513310143,1.2221052743259746
11.07,0.17750976766183424,1.5706714635157608
11.08,0.2746446861524666,1.333012388175266
11.09,0.35070492226023264,1.4586038854099062
11.1,0.4381607708936241,1.3416233004478393
11.11,0.45461575435873913,1.4960191393712736
11.120000000000001,0.5201286898966707,1.6211958751794902
11.13,0.5966282270666907,1.3728198854673115
11.14,0.5791233617983728,1.7439069289145042
11.15,0.5993587814799974,1.3357701652317555
11.16,0.848778928094754,1.4462941121126651
11.17,0.6533274637216613,1.4582356043890772
11.18,0.8193311939707973,1.541673821370076
11.19,0.675783433567413,1.1782549809496161
11.200000000000001,0.6670223176802291,1.5190300345788161
11.21,0.9419647235660215,1.4327128557335016
11.22,0.8221505096549169,1.4131778732658786
11.23,0.8221663021434475,1.0527874030839544
11.24,0.9098097411174788,1.3635182964196122
11.25,0.9734373715062478,1.2900734267970004
11.26,0.7090877639299253,1.3977240183232298
11.27,1.149010213392695,1.2003476473344759
11.28,0.8413989981986907,1.0955542122476456
11.290000000000001,1.160088323741366,1.0630369443231853
11.3,0.7207233331414797,1.0544407136017455
11.31,1.0183625152836737,1.0360141553864939
11.32,0.837056002752505,0.9783947603492625
11.33,0.910788198529122,0.9139078702689964
11.34,0.8872219184311883,0.7544911286279501
11.35,1.0827014255917686,0.7965995979815579
11.36,0.786194585584717,0.6433938656133023
11.370000000000001,1.056268663879768,1.4492687624471516
11.38,1.0529005129814686,0.6569750429649829
11.39,0.8005454408475716,0.5365347551638882
11.4,1.1051456276188445,0.54536771628692
11.41,0.9745682224838643,0.41341518553615864
11.42,1.0926908533483628,0.34018463054643217
11.43,1.0785585674326512,0.3159594258115549
11.44,1.033752466983,0.266836989064913
11.450000000000001,0.971566003692636,0.18792740881946066
11.46,0.9448056636592836,0.16551666481473526
11.47,1.2844054954887785,0.08128456364176934
11.48,1.0554081172171863,0.043661769570847324
11.49,1.0670424972378754,-0.011079038097402974
11.5,1.3348917270013245,-0.0575867832742765
11.51,1.035049056965161,-0.1210698657348575
11.52,1.107394336088166,-0.13322519802906907
11.53,0.8668198651632145,-0.21192052614903745
11.540000000000001,1.2294594744624283,-0.23512731141185722
11.55,1.1225938128274062,-0.25081824605546094
11.56,1.0861578389997593,-0.36595074588719967
11.57,1.165377323304638,-0.3557800808682829
11.58,0.9804312736515934,-0.377686989440699
11.59,0.9016356750667657,-0.4888658739163185
11.6,1.185757604825913,-0.5695558890572948
11.61,1.0472990440647694,-0.5163531475166028
11.620000000000001,1.0649573401473984,-0.5589509914906127
11.63,1.0891531215082408,-0.6251246932012798
11.64,1.0737902199812182,-0.5921889967298722
11.65,0.9219502736657593,-0.7410154225494391
11.66,0.9010974560177267,-0.7841921355126261
11.67,0.9135611625876051,-0.7644091056603304
11.68,0.9178348189547353,-0.7203620106557006
11.69,1.0451685151416192,-0.7600169579371531
11.700000000000001,0.87863922281784,-0.806578468242799
11.71,0.8784851837615557,-0.7440318123436718
11.72,0.993163990712526,-0.7819616053117201
11.73,0.80458586968952,-0.8569105766706887
11.74,0.768706557316952,-0.9065780049553759
11.75,0.8226171025751816,-1.051910179213702
11.76,0.7517879768228267,-1.046961946627522
11.77,0.8080850284486093,-1.0014483645118186
11.78,0.6037379234949641,-1.0135100701891373
11.790000000000001,0.6814791567401147,-0.8998753028556208
11.8,0.47011603083239173,-1.2537767095538217
11.81,0.5011825074780634,-1.1661904677681991
11.82,0.47525954283534644,-0.8744843890497663
11.83,0.4661556233283193,-1.1958272829987533
11.84,0.4198418854723628,-0.8498536751028537
11.85,0.3628580036095454,-1.0893108976270003
11.86,0.3311214652034426,-1.0704016081766365
11.870000000000001,0.2691396608586779,-1.287945737104362
11.88,0.2695066988547205,-1.1853363581209704
11.89,0.20622485196676685,-0.9492589754895421
11.9,0.1562597739641338,-0.9638169656642719
11.91,0.11995306584580578,-0.9702299814215383
11.92,0.07367232272239972,0.7826452748499413
11.93,0.035048147616839116,-1.0051618191012306
11.94,-0.012826675012444057,-1.0900744541803655
11.950000000000001,-0.045871096698568155,-1.0838765868518223
11.96,-0.09105875918884213,-0.9351843213658886
11.97,-0.15453925851289826,-0.8855225296383885
11.98,-0.18218158042588267,-0.9703387560694826
11.99,-0.27959621582181315,-1.0451072203898168
12.0,-0.3034213827522566,1.425681436356538
12.01,-0.2869881484925308,-0.9602563481250607
12.02,-0.40548978454863793,-0.877214192126005
12.030000000000001,-0.4111571615355152,-0.9472007594529459
12.040000000000001,-0.4142281204708185,-0.9003569199219982
12.05,-0.3771358310849665,-0.7996799424445302
12.06,-0.5219132455368259,-0.8629391241937527
12.07,-0.5830885411060015,-0.7181515058617262
12.08,-0.5788844236932936,-0.7495163937797942
12.09,-0.5746069084488861,0.6281707295417418
12.1,-0.6253613531298686,-0.6215886124640476
12.11,-0.7994938652088219,-0.7821578964323422
12.120000000000001,-0.6875918794694234,-0.6964112241739938
12.13,-0.9039265112175384,-0.618943012584093
12.14,-0.821166454472888,-0.5227718658217199
12.15,-0.9246699872296275,-0.45247874704207
12.16,-0.8729179228515611,-0.4797052401118067
12.17,-0.9420382145598121,-0.5175641597727784
12.18,-0.7765922037833508,-0.4120084937329895
12.19,-0.8483377234554931,-0.39154375534271585
12.200000000000001,-1.2327488569363783,-0.3828503476408728
12.21,-1.0948866155165258,-0.293236424372007
12.22,-1.2068072060966135,-0.28779236192840574
12.23,-1.145847379760308,-0.20744945232600914
12.24,-1.1034119761709262,-0.1779293869206507
12.25,-0.984002455873367,-0.17196300695987002
12.26,-1.45033888467926,-0.12392007738925066
12.27,-1.3656048897139508,-0.068165476388069
12.280000000000001,-1.195821406547496,-0.04113866314409052
12.290000000000001,-1.4227140656925241,0.006955542164763671
12.3,-1.554097481527699,0.05873014790095263
12.31,-1.6353032793202082,0.10700022737975552
12.32,-1.4499742440966292,0.12292683710268776
12.33,-1.076281997258717,0.184211349392346
12.34,-1.3423955535835808,0.2308734292565737
12.35,-1.4027280956895343,0.30553659300485725
12.36,-1.362298613610497,0.3295626689568353
12.370000000000001,-1.5306939117804899,0.46022824875782425
12.38,-1.3364796194985946,0.4122253187614794
12.39,-1.463279137049015,0.4893549827377202
12.4,-1.392561820597959,0.6229148994625161
12.41,-1.4098284675651003,0.6357617064715004
12.42,-1.484283977249525,0.7036153329423671
12.43,-1.4104530791361891,0.7126612755890845
12.44,-1.337012317788423,0.748674987787936
12.450000000000001,-1.2531547441781348,0.8599358681900829
12.46,-1.4925383591791328,0.8609372818532428
12.47,-1.0891510311040582,0.9400757895309005
12.48,-1.2389506690688852,1.2016169081105899
12.49,-1.265453231320829,1.1613002591175499
12.5,-1.2196916646417195,0.9974634030303523
12.51,-1.1555224613405581,1.178925661227731
12.52,-1.3048550210168608,1.2595739874725345
12.530000000000001,-0.9287263164069732,1.1745344628371035
12.540000000000001,-1.0306433120260188,1.1874955312860844
12.55,-0.9522527232830199,1.2828276272292387
12.56,-0.9125555789678577,1.5701412485504398
12.57,-0.8463359987492407,1.2630648574709105
12.58,-0.6013310696105565,1.2154273423876525
12.59,-0.6578496818597062,1.3138248942180033
12.6,-0.5892294354403593,1.3326156411953063
12.61,-0.41534066282839227,1.3875937931069806
12.620000000000001,-0.39093204890027566,1.2290237393293053
12.63,-0.3744020687744412,1.238043824869272
12.64,-0.20725546841745196,1.6126380071054558
12.65,-0.09030585772136894,1.506735667018547
12.66,-0.015044228956456393,1.2679549917992987
12.67,0.08803854812376549,1.8402611857019409
12.68,0.20092827643147648,1.2311875416058777
12.69,0.2844607307255183,1.581904911973876
12.700000000000001,0.37253042278128035,1.8091602568846066
12.71,0.511066186408183,1.7968217999648848
12.72,0.5426232842776008,1.8275974958169983
12.73,0.6096013663452973,1.9047719743173195
12.74,0.7364128271191932,1.518229033154528
12.75,0.7018553828811054,1.6903203856467022
12.76,0.7382201471167262,1.6544090092362893
12.77,0.8675552446312017,1.5926221048399793
12.780000000000001,1.0525920033402012,1.9309283083704425
12.790000000000001,0.9919300263196376,1.7896713945768872
12.8,0.8112499610378066,1.4607339483808002
12.81,1.0285281239427426,1.6096924141855131
12.82,1.030365581087928,1.2733562610222398
12.83,1.0870768047769097,1.7008584700493465
12.84,0.9608202213461997,1.544932799996913
12.85,1.1460397266198028,1.311774276378993
12.86,0.8901917057273059,1.1105670965704002
12.870000000000001,1.023100350986099,1.2120335880885789
12.88,1.1523175948157716,1.2008609258807716
12.89,1.115463473080343,1.283807380099996
12.9,1.0663214248977182,1.0716601753121806
12.91,1.1579422550525202,1.1309349101115123
12.92,1.0226741180976566,0.9130168273050407
12.93,1.0422142143758382,1.0080517194018943
12.94,1.2078696718816986,0.8644111889162786
12.950000000000001,0.9968061042124196,0.9015104506370549
12.96,1.022407731035946,0.7925790675335543
12.97,1.0671523076795002,0.6843788411798817
12.98,1.2975033911940053,0.6256147528535677
12.99,1.0869984733769826,0.5301338377157521
13.0,1.1936982235336193,0.42045127615898514
13.01,1.1959576653509825,0.31571222070397487
13.02,1.1106443936297101,0.337038684791376
13.030000000000001,1.0287640545876915,0.23566025893111073
13.040000000000001,1.0216274575004705,0.19055653941023323
13.05,1.2287030837232327,0.1078710772077397
13.06,1.2977588256774477,0.04601886656526031
13.07,1.1897617422732565,-0.013276542894433042
13.08,1.198408672419474,-0.07875810120786166
13.09,1.1514379993804202,-0.15625580090836486
13.1,1.2181075880357701,-0.17982628486264884
13.11,1.3930256171338276,-0.2338074479972522
13.120000000000001,1.2681102030317277,-0.24225119144699916
13.13,1.4306083963309317,-0.3739046455667325
13.14,1.1596705739552027,-0.428231703127492
13.15,1.200368260606179,-0.47178239583415815
13.16,1.1867960537122877,-0.5328794012997929
13.17,1.007181065463164,-0.5360231252213912
13.18,1.1207431938724721,-0.6978139994529622
13.19,1.1161969708068256,-0.6701687504850478
13.200000000000001,1.2345685268941424,-0.68979006003688
13.21,0.9705158953128115,-0.6413351202663987
13.22,1.0147196158420586,-0.7085834165043778
13.23,1.007641683209406,-0.723962585597931
13.24,1.0530533404043096,-0.8681870818466639
13.25,1.1247325652366007,-0.845246875251672
13.26,1.0074988087063927,-0.9500370888810362
13.27,0.7256144718553175,-1.0075617842336992
13.280000000000001,1.0153649310818873,-1.0891962670997388
13.290000000000001,0.744570025553545,-0.9720218639232283
13.3,0.7638316720865377,-1.0826262501391408
13.31,0.7177814812773278,-1.1919226487312444
13.32,0.5688467187586903,-1.0683157091406577
13.33,0.7465014219412692,0.6306709557440227
13.34,0.5366977357068748,-1.3341820761018515
13.35,0.5183193775549817,-1.22093023837114
13.36,0.6366570846070331,-1.0999247160680115
13.370000000000001,0.598490521971657,-1.3271582201011545
13.38,0.470558215496934,-1.4604599574874022
13.39,0.4300054712321156,-0.9594302676575366
13.4,0.3336228443128618,-1.1266753448617068
13.41,0.3619600310512564,-1.0609223422833232
13.42,0.29022260452139853,-1.2513458854921071
13.43,0.2450930066794711,2.4853835196805045
13.44,0.18935470988793715,-1.2901655650738402
13.450000000000001,0.12110990299740429,-1.1243057882190453
13.46,0.06730501856295211,-1.1625092745285301
13.47,0.012835737846649214,-1.1920768628594498
13.48,-0.04038271484191774,-1.2320140030326576
13.49,-0.10555585763863484,-1.1660425635620972
13.5,-0.15070465998767782,-0.948508334816314
13.51,-0.20238102027509397,-1.035121337323315
13.52,-0.20869161165891986,-1.0738640750947226
13.530000000000001,-0.3535466834577805,-1.0904696357823795
13.540000000000001,-0.4102099323719207,-1.0415010318148135
13.55,-0.43487577599239835,-1.0285968672393722
13.56,-0.4307538596884351,-1.1262172042057652
13.57,-0.5059170364959091,-0.7299303643824151
13.58,-0.6540087584626252,-0.820748611525317
13.59,-0.6157945147788821,-0.7824083425888585
13.6,-0.5364562404987047,-0.7931734865395037
13.61,-0.6962074556841831,-0.8399318281982456
13.620000000000001,-0.6726371532800118,-0.7172094717591503
13.63,-0.8075664798989226,-0.6465071469733152
13.64,-0.9603149721008011,-0.7692416843184489
13.65,-0.8923788244375791,-0.6506522073288817
13.66,-0.8727461440784157,-0.5931389686363824
13.67,-1.1961587072833082,-0.4840700591669735
13.68,-1.0337999388270596,-0.46105062589832485
13.69,-1.1200470295860698,-0.4561507166994502
13.700000000000001,-1.1875161642017946,-0.32162104643544753
13.71,-1.2181843469683318,-0.35918381463038856
13.72,-1.2213397541218962,-0.3372331008954266
13.73,-1.1603355524094034,-0.23569097172058834
13.74,-1.3856811992130147,-0.21449554518554095
13.75,-1.211659923675759,-0.17680426767654348
13.76,-1.2472702322773406,-0.14101961804586546
13.77,-1.2816111044679388,-0.09670506334693367
13.780000000000001,-1.294563327877037,-0.036136143557814464
13.790000000000001,-1.5455743212102298,0.009269987443778424
13.8,-1.3324382698225852,0.05721180353370775
13.81,-1.4490506490344564,0.12083473602994114
13.82,-1.6222536251135198,0.1583783019342001
13.83,-1.6719819566954548,0.2544270079420613
13.84,-1.6126400970629446,0.30573941652344966
13.85,-1.2891743042181,0.381687894267036
13.86,-1.5448462415367004,0.3852672325066963
13.870000000000001,-1.596187078632781,0.43664280270994105
13.88,-1.6482546036418506,0.6051486030710773
13.89,-1.5505322800515693,0.5511379709055814
13.9,-1.5382761379568903,0.6884238232846298
13.91,-1.3000119973978344,0.6594871249333804
13.92,-1.5014324936915013,0.7338856003192273
13.93,-1.32736919856006,0.9546638556893683
13.94,-1.5392367346800413,0.9296350916516866
13.950000000000001,-1.1117039406184643,0.854584295704048
13.96,-1.4475765099363163,1.2943332595264532
13.97,-1.1813985418745776,0.9384882317195516
13.98,-1.2467739292476394,1.1952145504603635
13.99,-1.1473364834872788,1.1462581366499076
14.0,-0.9709797665742579,1.4809483826837326
14.01,-1.001035613948548,1.1649462184729162
14.02,-0.9960753492320392,1.416403101959094
14.030000000000001,-0.8544853507950356,1.1847395970123746
14.040000000000001,-0.6954126225258679,1.5168670625585918
14.05,-0.6273108004466778,1.4490075954931474
14.06,-0.6707549441496802,1.277955351869559
14.07,-0.5577296072845885,1.2695843398877622
14.08,-0.5017448721027755,1.3419651372907293
14.09,-0.38129186284923905,1.6628199523824292
14.1,-0.22254105299070678,1.2388365193377062
14.11,-0.1570111108803818,1.7007983575834558
14.120000000000001,-0.025979608034062022,1.6743821341679959
14.13,0.079858785581732,1.5708461846120427
14.14,0.21085221392154177,1.586468278393156
14.15,0.3159704652888775,1.5072545002262754
14.16,0.4514759655093397,1.7075282931936673
14.17,0.5420113543724754,1.8821753592550938
14.18,0.6574717366082958,1.5455840138460777
14.19,0.6628809424034134,1.7291114693838932
14.200000000000001,0.9022977182821644,1.9697448308416765
14.21,0.7788912246126577,1.950882360329053
14.22,0.9073171705226171,1.7819759909036492
14.23,0.9258273085640685,1.8165830999575343
14.24,0.9799492306215862,1.690663778021185
14.25,1.2945547021427566,1.5879166925949009
14.26,1.2147578201530762,1.9346789529064523
14.27,1.2716467921451133,1.8081377467666657
14.280000000000001,1.0701698555153147,1.7511313667340191
14.290000000000001,1.3737441099050969,1.7686910494870682
14.3,1.1725425620874026,1.6642764886452694
14.31,1.068189926193761,1.4628842191559814
14.32,1.1358915166485222,1.448941918620547
14.33,1.5040633724532009,1.298854238608482
14.34,1.0876370810785254,1.3470058785256396
14.35,1.0958784038767369,1.3241259636422378
14.36,1.0932800367746662,1.1513379995464603
14.370000000000001,1.1331875439838532,0.885411678099658
14.38,1.265612005466548,0.8540463913252011
14.39,1.0697798161587202,0.7767422668235099
14.4,1.2161757646446674,0.8653185223536266
14.41,1.170009195039488,0.7162715456558568
14.42,1.230885434748582,0.5244869213336651
14.43,1.0241755418322844,0.5889318833182913
14.44,1.1697432508425247,0.397135796841385
14.450000000000001,1.366296843609159,0.3670001440450639
14.46,1.246139672501257,0.27370773090855544
14.47,1.126283852346874,0.20365600652607635
14.48,1.1313539675367135,0.12090742827249205
14.49,1.3926502001096401,0.0430215101048711
14.5,1.002288911250974,-0.024567173297564016
14.51,1.2060877126475231,-0.10667152436490292
14.52,1.1846840111408545,-0.15731789173162086
14.530000000000001,1.1146038825735467,-0.171744623313265
14.540000000000001,1.5940454912801363,-0.2815033508962376
14.55,1.373103682396833,-0.3869455023770587
14.56,0.9829754252965798,-0.48988095667032
14.57,1.3964432756794545,-0.44174129701745934
14.58,1.3406328143602821,-0.5414569002317182
14.59,1.1325072789823223,-0.5077545408029012
14.6,1.2114190150884383,-0.624736353472331
14.61,1.375210992557998,-0.6382370789108598
14.620000000000001,1.145984140670478,-0.7681219966938695
14.63,1.2074432332704783,-0.8113733594331786
14.64,1.1066607062160625,-0.9717631979029425
14.65,1.0044067148912652,-0.9836718008222946
14.66,1.154012127861455,-0.7699089307025532
14.67,1.1248097853747678,-0.8095113156222431
14.68,0.9550846974613718,-0.9244245025905593
14.69,1.023464778901148,-0.9811744471475653
14.700000000000001,0.7928932693775772,-0.7668100970260071
14.71,0.910806802157988,-1.1954700619742855
14.72,0.818403999860226,-1.2053982607743159
14.73,0.8133765839342665,-0.9839059787023671
14.74,0.654912259064894,-1.3492286791110395
14.75,0.5871053468862307,-1.0821018222687644
14.76,0.5614695193311386,-1.319713699078414
14.77,0.6212346262687848,-1.1358390389893875
14.780000000000001,0.38838337683799357,-1.0556428319489548
14.790000000000001,0.46315721612375466,-1.5942525174183986
14.8,0.3697172489277809,-1.1037471266169747
14.81,0.33919942793798924,-1.110686096472685
14.82,0.32519239173090886,-1.1967551096243076
14.83,0.2647775618366651,-1.2162516197507458
14.84,0.17953217252654471,-1.2207475939005188
14.85,0.10211760160298712,-1.3276055365197412
14.86,0.05277500708260693,-1.2013050314998355
14.870000000000001,-0.017084648156471493,-1.1168292890992884
14.88,-0.0646498085695157,-1.316283366872074
14.89,-0.13549309248587552,-1.1911906330904631
14.9,-0.1958183259181237,-1.1270091304851944
14.91,-0.27010684199597695,-1.0316406775645675
14.92,-0.3208212051922156,-1.2273120045464936
14.93,-0.3943315336879199,-1.0469604496662281
14.94,-0.36610062534866505,-0.9110792364876034
14.950000000000001,-0.5658194281225193,-0.9221155076671592
14.96,-0.5330969495086515,-1.1105683969653501
14.97,-0.7285362781323252,-0.879427517582451
14.98,-0.7480660276477565,-0.8550614997889517
14.99,-0.5937982758906408,-0.7202804208154044
15.0,-0.7320718858812789,-0.8708578967273725
15.01,-1.015249499324084,-0.8990767070137159
15.02,-0.9137430049304417,-0.5269126407448622
15.030000000000001,-0.8493414100997305,-0.5995550039991613
15.040000000000001,-0.2872352344636976,-0.7061780929488207
15.05,-1.1064115491895157,-0.5049974913786022
15.06,-1.1400799108990012,-0.5534728565535662
15.07,-1.2375961513065064,-0.45305460305641426
15.08,-0.9453207549895944,-0.43005488271664677
15.09,-1.1821305038744552,-0.3730274526966426
15.1,-1.261734777745973,-0.3669527195069696
15.11,-1.1465316140997863,-0.24122212368763235
15.120000000000001,-1.3365864068288555,2.0121912894782525
15.13,-1.244234809617292,-0.1226461819266407
15.14,-1.5242711589914395,-0.10858438304032868
15.15,-1.4110267715404905,-0.04110999634772065
15.16,-1.3772341254668832,0.015404555255332204
15.17,-1.5125617158366198,0.07513157930083612
15.18,-1.5342250170145293,0.14701276308670072
15.19,-1.4846866822250024,0.1829718396508615
15.200000000000001,-1.4624775575863236,0.19699019960098132
15.21,-1.5520758120856315,0.3643282832680866
15.22,-1.570398944715407,0.3907423417421987
15.23,-1.5249980410948123,0.5038622387379793
15.24,-1.6139108443113002,0.6204140314162385
15.25,-1.3474860475934756,0.569622378888723
15.26,-1.3145450723092489,0.7354196410980122
15.27,-1.4334540348381897,0.6843748701464416
15.280000000000001,-1.6877276265197108,0.8582387218236289
15.290000000000001,-1.5188299407079802,0.9885966065867151
15.3,-1.5789454853938885,0.9040323670201019
15.31,-1.2912815316003685,1.11406157130809
15.32,-1.368721708756093,1.2352186192460002
15.33,-1.3646071534136892,1.2463653935549475
15.34,-1.1839479005486317,1.2847653530646905
15.35,-1.0509947954104761,1.252392951332147
15.36,-0.9269716086294034,1.2687481119245037
15.370000000000001,-0.838682845613427,1.353378452949855
15.38,-0.8353088006886483,1.397236628936282
15.39,-0.8572709005018557,1.4318102354629862
15.4,-0.7557001305703155,1.6072174322782455
15.41,-0.5570772223709676,1.397377587874149
15.42,-0.5169291467595848,1.145680304971837
15.43,-0.4237348990322021,1.2968613395400996
15.44,-0.3330174786166274,1.367689857165404
15.450000000000001,-0.17008237175841628,1.6151402557771946
15.46,-0.04336203124168257,1.7320319741624928
15.47,0.08069127104718707,1.7663887883237996
15.48,0.2096130780438351,1.7126625585978918
15.49,0.4072474534961418,1.6704527707444152
15.5,0.5497451591718291,1.9953811748336223
15.51,0.5565129025005591,1.5861224273474657
15.52,0.8289569568874325,1.7002397948666097
15.530000000000001,0.8507688778032725,2.0143376943072
15.540000000000001,0.8442277106015497,2.016943674240868
15.55,1.0345146938728997,1.9701174115120188
15.56,1.2602595465608375,2.075564152513673
15.57,1.357196203938521,2.016936981408661
15.58,1.113154250163541,1.6570119988043237
15.59,1.4361200773416871,1.8153139566601166
15.6,1.2883460650841703,1.8026208206584897
15.610000000000001,1.4659217471348183,1.6407671186891652
15.620000000000001,1.1474526825375329,1.6204131281512058
15.63,1.2105018902725837,1.8112333761689874
15.64,1.328097668657219,1.6241199619954911
15.65,1.238034600621525,1.370716709296024
15.66,1.3049853209592668,1.0272978465643976
15.67,1.2938832712371118,1.091336694049335
15.68,1.184088515320422,1.1604117496078765
15.69,1.3714280876293106,1.0869296612749577
15.700000000000001,1.0752255682750183,0.9325942739775258
15.71,0.9717321723965999,0.8568970793041386
15.72,1.202694409664876,0.7642346621340989
15.73,1.2077902088035086,0.7279699310360658
15.74,1.198719148794251,0.662172684378314
15.75,1.3195326214810261,0.43613900215837886
15.76,1.1279165097139254,0.4415614631546698
15.77,1.073588969220081,0.3299681933718806
15.780000000000001,1.1207729904056905,0.19199482398789217
15.790000000000001,1.4114280330719151,0.17835575991131802
15.8,1.2087274647700421,0.08053823920403966
15.81,1.4394141262548341,0.0015378804619197164
15.82,1.159278370293319,-0.06404076396564323
15.83,1.41645898597173,-0.14370075793765535
15.84,1.4065902665150072,-0.21898244568852254
15.85,1.263253275052416,-0.2852921041016272
15.860000000000001,1.2837262939084269,-0.4126156984743826
15.870000000000001,1.344924241577487,-0.3677751489482361
15.88,1.4227060451474063,-0.5523523987288679
15.89,1.255070360136586,-0.46407979713612185
15.9,1.4439832760824376,-0.5978826886839492
15.91,1.2791580942458545,-0.7069146676749049
15.92,1.3298618744127777,-0.724239939423693
15.93,1.229159806786421,-0.711091462145684
15.94,1.1390832231877004,-0.8040381246842223
15.950000000000001,1.0578004815275155,-0.7803112308237571
15.96,0.925479942037719,-0.9223824080044322
15.97,0.9332773106264098,-0.8184290464495204
15.98,0.8041270477551125,-0.8809915856045671
15.99,0.9295783325498053,-0.9200876323200267
16.0,0.8139454887773626,-1.081186833726475
16.01,0.8999004062008519,-1.1117991454872072
16.02,0.9637706749356414,-1.416433555686699
16.03,0.7037921801729535,-1.1066127793947353
16.04,0.8697943135528734,-1.1593110840564642
16.05,0.5264042006677152,-1.228918087251548
16.06,0.5822690216093406,-1.32532431458201
16.07,0.5937694511015295,-1.3393783941130863
16.080000000000002,0.41766014510974625,-1.490335463468806
16.09,0.45871796382498375,-1.239884652337042
16.1,0.3485649593566622,-1.275966168539735
16.11,0.29682365758232526,-1.0958764101105267
16.12,0.233960056695072,-1.1810897187699052
16.13,0.13417450621114332,-1.2983079793185925
16.14,0.1039321109976017,-1.2429254199416693
16.15,0.024386080399756035,-1.16074458734242
16.16,-0.040830889810607104,-1.1196849046328576
16.17,-0.11450351038872095,-0.8868894446109985
16.18,-0.1593954936520018,-1.0472031632547887
16.19,-0.23835415553814265,-1.1291938427553414
16.2,-0.36261725580019927,-1.1053335110955376
16.21,-0.3838237969879903,-1.0058549836619166
16.22,-0.4501151413324211,-0.9843054509806214
16.23,-0.5508757904471221,-1.089390182431928
16.240000000000002,-0.5896270392819969,-0.8335693230234211
16.25,-0.7008793249740697,-1.0671741350629373
16.26,-0.6296251693280587,-0.8014532824511471
16.27,-0.8232206726589908,-0.8249506372449634
16.28,-0.7586648267174111,-0.8583025931837683
16.29,-0.9127994890791802,-0.7070148823172235
16.3,-0.85875624539419,-0.7472670396148438
16.31,-1.0568186143556977,-0.6706922474243393
16.32,-1.0398728752427706,-0.6104427957982905
16.330000000000002,-0.9199737548278719,-0.5864562457007642
16.34,-1.0890226419944797,-0.5194481611353641
16.35,-1.1584827522098788,-0.3988192808354386
16.36,-1.3432306367486133,-0.36087297020847064
16.37,-1.2346951369316779,-0.24533199656916266
16.38,-1.1267095137029408,-0.25688096888189327
16.39,-1.2607261351389218,-0.2044756037622006
16.4,-1.7327839819460886,-0.1636894208541605
16.41,-1.2269566264629879,-0.09648435935355895
16.42,-1.6443956032898626,-0.02504804202312443
16.43,-1.7127484997954017,0.03157267741486436
16.44,-1.29413691761095,0.11317251185823186
16.45,-1.6163660196143343,0.19390379613346162
16.46,-1.6341313239503792,0.2367919419448792
16.47,-1.3997555726801847,0.26205285111304655
16.48,-1.5132930684422643,0.35871007312343367
16.490000000000002,-1.4271327041820554,0.46070391817110457
16.5,-1.8194479208267997,0.5014420288220288
16.51,-1.5749531016691305,0.6321767961870101
16.52,-1.622112022575922,0.833988942078002
16.53,-1.6848959881618446,0.8996688249503423
16.54,-1.43166121562139,0.8227130130794772
16.55,-1.3837501766558022,0.9861860417912093
16.56,-1.29622262847577,0.9451125463672471
16.57,-1.217908178169301,1.1761396832950466
16.580000000000002,-1.1667476102306484,1.0302329770044787
16.59,-1.109205566132547,1.3203056321191087
16.6,-1.288954362196535,1.198229278526549
16.61,-0.9436297741187427,1.509606891650823
16.62,-1.1703968953337442,1.3767050108928982
16.63,-0.8356639015801367,1.4351085371904242
16.64,-0.8314055492275916,1.468120363800403
16.65,-0.7157507213656241,1.2613515722251327
16.66,-0.5502981381366581,1.6224189579560846
16.67,-0.6205294015509893,1.4297087551137515
16.68,-0.36737096450532736,1.5467594605724293
16.69,-0.29271021790226553,1.7114334077433067
16.7,-0.10658936235072508,1.9389534391597738
16.71,0.04322985125711817,2.0302547595446527
16.72,0.18829265911802273,1.9015220357658875
16.73,0.33029888776057015,2.0204494337946364
16.740000000000002,0.5096902875373774,1.9423453207249328
16.75,0.555337228383637,2.1263236108247074
16.76,0.6963244937542491,1.7973767522149138
16.77,0.9390737666912164,1.9389031734247697
16.78,0.8924795711199213,2.3901439162588454
16.79,1.0759923382661483,1.7673670731169298
16.8,1.2010356619172486,1.9525053784375186
16.81,1.2356389071268779,2.2304601881288324
16.82,0.9907804366761482,2.0157621864511444
16.830000000000002,1.335415219498099,1.8425225893364732
16.84,1.2759634225760739,1.8113930850933397
16.85,1.1700457067335492,1.3763676020171574
16.86,1.319386909124589,1.7129980741617203
16.87,1.533836280208069,1.4791796008414695
16.88,1.102575111135379,1.5086355527598423
16.89,1.1763871871846134,1.338881081422561
16.9,1.2086849671698512,1.2714986880732397
16.91,1.4024728315537702,1.154960993404555
16.92,1.1646723548688354,0.8449932240765264
16.93,1.1807645462309662,1.0440195723832828
16.94,1.158234425933892,0.8780184335889877
16.95,1.2787795436939688,0.7283135550448062
16.96,1.0445975036812722,0.8101655330274609
16.97,1.1632841193054013,0.6538022943674752
16.98,1.4365043823584158,0.5492199491328805
16.990000000000002,1.0621411320408987,0.38138117545049754
17.0,1.2545244545435827,0.34427377436414636
17.01,1.3591450902711029,0.20707663297151285
17.02,1.0416754096360359,0.130746127454433
17.03,1.3140192314303787,0.022185106158896677
17.04,1.3471669881599753,-0.05753859427339684
17.05,1.2774593990516716,-0.12633498023199666
17.06,1.2299907498560618,-0.2182983152131578
17.07,1.4804057395348467,-0.3561714343988415
17.080000000000002,1.4066718560095024,-0.3769118800464727
17.09,1.2425114044349617,-0.4296491858486437
17.1,1.0997052300355505,-0.4684880283312572
17.11,1.1969768407332628,-0.640798750695418
17.12,1.325647636534943,-0.734489728716357
17.13,1.2150779011255177,-0.658672921274213
17.14,1.0760264271677507,-0.6716179003891135
17.150000000000002,1.17285498646641,-0.8809544631947852
17.16,1.9307854901887458,-0.734688783376589
17.17,1.0508486504200918,-1.070566533155101
17.18,1.2372664922832204,-0.7815306376255192
17.19,0.8943605221336304,-1.0895117762708353
17.2,1.0362067476276278,-1.0585671603893256
17.21,0.9511929749456822,-1.326197088679271
17.22,0.9096382141923007,-1.0540670317148284
17.23,0.8860303694634207,-1.136801024637456
17.240000000000002,0.8945658980735319,-1.29338298948959
17.25,0.6982347974255088,-1.1179222812135206
17.26,0.6672306429467436,-1.2256797519743499
17.27,0.4802608338558557,-1.4855311252252772
17.28,0.4804279525319165,-1.1311073967772314
17.29,0.4266415815109182,-1.2320235744465633
17.3,0.37023113011207937,-1.0681191748601848
17.31,0.32315562339168813,-1.372840494643392
17.32,0.2484105863102382,-1.0217747401347628
17.330000000000002,0.1957401737556412,-1.3924536323062047
17.34,0.10792050963064848,-1.3292548925017424
17.35,0.03678838493758521,-1.3487291231860727
17.36,-0.03800295829507931,-1.0887628571055878
17.37,-0.10686432188871492,-0.9993836687103713
17.38,-0.17847294217304926,-1.201318752271973
17.39,-0.2653972928536331,-1.1670061218588876
17.400000000000002,-0.34649855323856177,-1.112956989672801
17.41,-0.3674069389044473,-1.0436891085063436
17.42,-0.5192545238306059,-1.0251809808357408
17.43,-0.6141474488305935,-0.9983941146765043
17.44,-0.615527780506969,-1.0967412058473927
17.45,-0.6658010624565593,-0.8910050284318239
17.46,-0.6429046864716084,-0.9281512406029975
17.47,-0.8750799104149966,-0.8699226525260687
17.48,-0.8588103664593861,-0.7552315014468447
17.490000000000002,-1.0652644265722004,-0.6540303631487254
17.5,-0.8983922695550195,-0.6629742080398928
17.51,-1.1292642958808685,-0.6022493177466477
17.52,-1.1503718363046709,-0.5326913855495111
17.53,-1.0396040505342257,-0.48222143807825496
17.54,-1.1480407237211923,-0.38319060789805615
17.55,-1.2368912295449883,-0.36355941948644843
17.56,-1.3516113352216017,-0.3429976458628806
17.57,-0.9536779922868864,-0.20934976767404234
17.580000000000002,-1.3277537420467829,-0.19337985503866056
17.59,-1.378852677603121,-0.1216196502273163
17.6,-1.5158873224200333,-0.05738228988422132
17.61,-1.2182477011253081,0.0036747742568425845
17.62,-1.6104713937665145,0.08267776469739578
17.63,-1.3866710584561697,0.14892377352423325
17.64,-1.7321425763456397,0.23191994147385722
17.650000000000002,-1.3572946632530056,0.3233741690004836
17.66,-1.6468120753000373,0.3824867841354082
17.67,-1.7339020227275725,0.4976887570457115
17.68,-1.4876318683596272,0.46860924007933286
17.69,-1.5579691984525466,0.6665287585214795
17.7,-1.572810972932381,0.6778427648785443
17.71,-1.3789947533957907,0.8017017467456292
17.72,-1.4111040522434362,1.1203349201960995
17.73,-1.3674233955949642,0.8574824951342669
17.740000000000002,-1.0857190585404557,1.1685749446047513
17.75,-1.2988913702430789,1.2298777414432174
17.76,-1.2788570671104207,1.3028680169019708
17.77,-0.9847435646792817,1.1994380071082384
17.78,-1.0931263585757314,1.1513591580300135
17.79,-0.8183113110695837,1.378798322737422
17.8,-0.7876207100924039,1.224370248508199
17.81,-0.9200667153023787,1.4719984303380027
17.82,-0.6612007976939519,1.718737339583577
17.830000000000002,-0.5967464885682736,1.4920453775051614
17.84,-0.5938194774908582,1.562202349503251
17.85,-0.3435754597878503,1.5192780353570514
17.86,-0.2333877934387125,1.3984909426900975
17.87,-0.07191912672791465,1.9252642909104198
17.88,0.08813597174236679,1.8292921982398433
17.89,0.23601787794137247,1.8868229396519598
17.900000000000002,0.39596420391030546,1.5109469298798388
17.91,0.5397853657109875,1.7638209396157898
17.92,0.5972572179377018,1.5787628419445998
17.93,0.8155839548357933,2.0996085853251785
17.94,1.1818197812958353,2.1356280463879713
17.95,0.8322582666836076,2.134394087442178
17.96,1.2711248504740642,2.275251947394495
17.97,1.0395380605412157,1.7552671216026665
17.98,1.0117829869315755,1.8636534336218349
17.990000000000002,1.2502857625584731,1.7692671383182084
18.0,1.355179022238122,1.7050541147276177
18.01,0.915954821901969,1.882085427872939
18.02,1.2831661218252115,1.6672904098871806
18.03,1.220938997687769,1.693596086927628
18.04,1.2247841984705878,1.505184407170237
18.05,1.4212046854686402,1.2976328470897083
18.06,1.3750805910825379,1.2565659454041995
18.07,1.1587923129204063,1.1828121097184057
18.080000000000002,1.1272602134536487,1.2854931837820731
18.09,1.2695748699030258,0.9825551749767087
18.1,1.2719050285023918,0.9471325133280554
18.11,1.0656921922713591,0.7395885227404012
18.12,1.4597744725686674,0.6685334176700294
18.13,1.1626946790140051,0.6581345909976761
18.14,1.1519222753166494,0.5297214931247329
18.150000000000002,1.290607433482616,0.3674772151547552
18.16,1.2622633368009408,0.20413261013401426
18.17,1.2912243706216027,0.10603379541832389
18.18,1.3868626404468336,0.01758521323108246
18.19,1.3157426384542972,-0.07685188766641537
18.2,1.140023072666266,-0.16877343373064238
18.21,1.132832196665167,-0.24645892531305547
18.22,1.3075753613343553,-0.3907784174773575
18.23,1.1953204851062684,-0.35974600616225577
18.240000000000002,1.3391936025106557,-0.4402266301419632
18.25,1.2082348527386078,-0.5187303969092024
18.26,1.3584203705699405,-0.6346534682928174
18.27,1.0145896470046478,-0.5825297210009867
18.28,1.5510346212101025,-0.8180657839249447
18.29,1.199255930448891,-0.7750459818030274
18.3,1.1968514353642463,-0.8656826508932308
18.31,1.138627938911766,-0.8018937960221444
18.32,1.0056922514463762,-1.143383005001794
18.330000000000002,1.3175612345759746,-0.9946026100147664
18.34,0.9564792452197809,-1.0458025551884684
18.35,1.0640170536308646,-0.9905739473304042
18.36,0.9913318815680895,-1.0305375852829308
18.37,0.8642792332047222,-1.3819895078517583
18.38,0.8376762737603609,-1.3092959029044262
18.39,0.6741972158768889,-1.0958040648590106
18.400000000000002,0.541531442567595,-1.4734518497235105
18.41,0.6704000360932094,-1.361784690284638
18.42,0.480778403545604,-1.427595881479651
18.43,0.43416578907868303,-1.3460646414277555
18.44,1.2638968731381437,-1.25461988719737
18.45,0.24943607878168522,-1.0636920635366305
18.46,0.17583716033590796,-1.163381539588385
18.47,0.13072164255800062,-1.3815455684162596
18.48,0.04549572508520191,-1.2170640088726248
18.490000000000002,-0.03302327427131241,-0.9050289248399987
18.5,-0.10806819863738876,-1.083592783946152
18.51,-0.24017068439170425,-1.3004657173715786
18.52,-0.27993960445427685,-1.2806708581794632
18.53,-0.3440359203659076,-0.9962011330223527
18.54,-0.440317020111058,-0.7097043231863038
18.55,-0.5500321853042858,-1.1428600918521437
18.56,-0.5598803748169267,-1.0582036751995836
18.57,-0.5687089123309976,-0.9400277898433546
18.580000000000002,-0.7768870380042653,-1.1028527388075755
18.59,-0.7597497903967413,-0.8338290689492778
18.6,-0.9208055492078384,-0.7532888048085612
18.61,-1.061284571444614,-0.8326860031073545
18.62,-0.9285401149195754,-0.6921141813318219
18.63,-1.0501970615050833,-0.6616428072553977
18.64,-1.0225509670541741,-0.5465424326522519
18.650000000000002,-1.2734393461218834,-0.5310627999235952
18.66,-1.2242737606120102,-0.4575176294060362
18.67,-1.3205899634018565,-0.40008351279457816
18.68,-1.3372297142138372,-0.333816923110624
18.69,-1.2923025467347478,-0.25211988357224363
18.7,-1.3981098736340387,-0.18376143932078606
18.71,-1.3385290441250846,-0.12749087134556286
18.72,-1.5216486879603743,-0.04383807668283125
18.73,-1.7157086002211288,0.025536749780940088
18.740000000000002,-1.6341027094089762,0.0923963434602798
18.75,-1.8056540785237218,0.22603151685224712
18.76,-1.464281693046292,0.2484492144717651
18.77,-1.537751816895823,0.3646316961145613
18.78,-1.574123438625682,0.42927396084205344
18.79,-1.5324651892277479,0.48276521461668526
18.8,-1.5070799519856484,0.674181430985407
18.81,-1.5482922066825713,0.662063241764356
18.82,-1.6143889632182937,0.8272203421284656
18.830000000000002,-1.192393687653256,1.0400740052914528
18.84,-1.0872349810222768,0.9655280109296541
18.85,-1.4759662625252712,1.1155834675387983
18.86,-1.3902498756616606,1.2152703502774236
18.87,-1.4661154093051518,1.1423172020866654
18.88,-1.2243926578190338,1.0419940037281459
18.89,-0.8880144877488687,1.3997674204122514
18.900000000000002,-0.9359205098969431,1.3115942498211635
18.91,-1.1812362716882616,1.2386470881835743
18.92,-0.9379294023997121,1.4841157580392956
18.93,-0.8012757370329817,1.6802186168754578
18.94,-0.5266315269978019,1.452020448819907
18.95,-0.41044382315737,1.6140764247961408
18.96,-0.28893558117544677,1.3156487482864123
18.97,-0.1002328658849216,1.6968030721672744
18.98,0.07566924265520729,2.154762232687045
18.990000000000002,0.22634781626453793,1.6042630880088133
19.0,0.38060392910161167,1.469553267554773
19.01,0.6923954075369902,1.9903571799782214
19.02,0.735117232272701,1.7329934572193542
19.03,0.8714144272926102,1.9994105970652865
19.04,0.8561142549206187,2.256295817205255
19.05,1.093284384624841,1.98926654477476
19.06,1.1272196703298552,1.755824236443508
19.07,1.466872724548398,2.0658467782713257
19.080000000000002,1.4613816209270014,1.9826059713482989
19.09,1.4649041063882233,1.6513710673094555
19.1,1.7106663812619716,1.9426019488856863
19.11,1.4250295393284826,1.9871647580442051
19.12,1.4026716537130517,1.4973949021326456
19.13,1.5403777598094497,1.6093580421637679
19.14,1.361178355753804,1.5098532140694128
19.150000000000002,1.3292703731828848,1.6863117169600965
19.16,1.0139416612565766,1.4800401710479008
19.17,1.3107472990730549,1.2706339611916888
19.18,1.3320177681874947,1.0169475169615318
19.19,1.0993299079628163,1.08846661600736
19.2,1.2484992162602628,0.8123414503292756
19.21,1.4436426555221074,0.6800749808956713
19.22,1.0447401940531902,0.5323576590640157
19.23,1.0829892234457144,0.38380503051929366
19.240000000000002,1.3188534407498187,0.2868449621517899
19.25,1.1688858788733871,0.15964458413163043
19.26,1.214652263253247,0.07041083960013511
19.27,1.5279871278740509,-0.020347328705904204
19.28,1.3834413717480079,-0.09014173638042139
19.29,1.5429896919335269,-0.22294535231852494
19.3,1.2986000357741612,-0.3280543164121083
19.31,1.5204550025168588,-0.27896726201337196
19.32,1.6785167381891608,-0.4817581105579495
19.330000000000002,1.3106381506470393,-0.5529818244644035
19.34,1.3071534831108926,-0.6921668350124398
19.35,1.147350266323077,-0.6269598473918273
19.36,1.062484789472002,-0.808308113756324
19.37,1.1751328997269488,-0.6940255887671347
19.38,1.0435117998993084,-0.8203791678619837
19.39,1.3176096581136947,-0.8745363153586739
19.400000000000002,1.1681787776813248,-1.0140662031319791
19.41,1.0488746934945863,-1.169395912904363
19.42,2.9893460445516062,-1.1249831850219674
19.43,0.9737379720792607,-1.1360376208121286
19.44,0.8224811836278779,-1.1789848720395624
19.45,0.9863642753048222,-1.352364700917531
19.46,0.6466543062033574,-1.23149915364895
19.47,0.6767914831378998,-1.289931011900506
19.48,0.606426754003521,-1.1828957824751545
19.490000000000002,0.5756016890242979,-1.305150989334423
19.5,0.4558374544702163,-1.5277658417256474
19.51,0.39957392891265575,-1.226805881751769
19.52,0.2840848187791415,-1.2351698222008114
19.53,0.1840532223083616,-1.3833436641758372
19.54,0.15407297078612778,-1.2186765913325712
19.55,0.06228849619493108,-1.4006032384319185
19.56,-0.029489788134614732,-0.25541235214648994
19.57,-0.10717939976592976,-1.4414111146114759
19.580000000000002,-0.20505905618529613,-1.182689685525622
19.59,-0.2894462938355645,-1.3512269862164379
19.6,-0.40789331606936746,-1.1104194245884063
19.61,-0.47135256476768195,-1.1400894312703063
19.62,-0.5062518351350859,-1.097485106465092
19.63,-0.492941202598492,-1.0071765091492453
19.64,-0.7852348487257065,-0.963874108216948
19.650000000000002,-0.8338429220976131,-0.9326112409544486
19.66,-0.8914597003332558,-0.7844445034149226
19.67,-0.877162775575798,-0.7880023035458157
19.68,-1.0968186588550406,-0.6439247171003812
19.69,-0.9152134758562661,-0.6916595072337273
19.7,-1.1917766018548341,-0.5510191625948461
19.71,-0.9925129973139397,-0.5747678127343948
19.72,-1.160871742252838,-0.5842663510082603
19.73,-1.3397085270781814,-0.36455700023811416
19.740000000000002,-1.4428575370209276,-0.28808454184199794
19.75,-1.275841944630745,-0.26033233007949363
19.76,-1.5639146946133426,-0.14063338330370054
19.77,-1.412079527755163,-0.12949633329483132
19.78,-1.5203616357569256,-0.04534642660539584
19.79,-1.7054288534346194,0.0316948929992619
19.8,-1.6293601565600118,0.13582764958432977
19.81,-1.4378102245550877,0.2200019090686763
19.82,-1.61861473765159,0.26118216835709973
19.830000000000002,-1.589377065080819,0.41729310368933864
19.84,-1.3876135679161974,0.4995781568560817
19.85,-1.6175599582074032,0.564199628769788
19.86,-1.5211874363283413,0.638905760027532
19.87,-1.6198187500277335,0.8540806032363664
19.88,-1.3052207605654196,0.8724639187739303
19.89,-1.5098209094467838,0.9976863165950263
19.900000000000002,-1.5118902451884602,1.1322537665155141
19.91,-1.6184977821850097,1.0369713285095425
19.92,-1.2134455078786242,1.3006706734005975
19.93,-1.156504617152567,1.5800048725688691
19.94,-1.1758023108236901,1.4194123212530123
19.95,-1.1052983582371012,1.6442620862659614
19.96,-0.8404496777001055,1.5263219983968788
19.97,-0.8383429476275592,1.3436578951006877
19.98,-0.7129337478014065,1.5798800567988445
19.990000000000002,-0.5644426854582176,1.4562475398353718
